"","track.id","artist.id","track.name","artist.name","track.popularity","artist.followes.total","artist.popularity","toplist.country"
"1","6hFwju6M40CKovKBPu5IpY","4m5LghDfOKFZNEBZ0GO1OQ","ACORDA PEDRINHO","Jovem Dionisio",74,126850,69,"Brazil"
"2","2qmG7dokbGpDGD0T5wORWt","37mqXU98U5GmH5ZDtlHM1c","Balanço da Rede","Matheus Fernandes",84,393870,70,"Brazil"
"3","2qmG7dokbGpDGD0T5wORWt","43DRDu6nLSeIedZ7T1A616","Balanço da Rede","Xand Avião",84,2372760,70,"Brazil"
"4","4QWumyD2uwiePBBha9XBHI","3CIIaeZuFYrAD6PRVyuO4U","No Ouvidinho","Felipe Amorim",84,225495,71,"Brazil"
"5","1K8AtBJXcdq5mywMnZuARP","7MiDcPa6UiV3In7lIM71IN","Termina Comigo Antes","Gusttavo Lima",84,16030754,79,"Brazil"
"6","3ShKPhFkexrwl7WoyTtNND","5JbQpbeFaKfuZVFzKwaawP","Tchuco Nela","MC Rogerinho",82,450296,69,"Brazil"
"7","3ShKPhFkexrwl7WoyTtNND","1AL2GKpmRrKXkYIcASuRFa","Tchuco Nela","Wesley Safadão",82,10855086,74,"Brazil"
"8","0sjhY8nPIm6cPOQfyUPmJe","3qvcCP2J0fWi0m0uQDUf6r","ERRO PLANEJADO - Ao Vivo","Luan Santana",81,6131408,75,"Brazil"
"9","0sjhY8nPIm6cPOQfyUPmJe","3p7PcrEHaaKLJnPUGOtRlT","ERRO PLANEJADO - Ao Vivo","Henrique & Juliano",81,15448371,81,"Brazil"
"10","6Zw25LRLP0j0MsezDFIUM4","1LIuN7ov1IBQDdLsU83ojl","Mal Feito - Ao Vivo","Hugo & Guilherme",72,646058,74,"Brazil"
"11","6Zw25LRLP0j0MsezDFIUM4","1yR65psqiazQpeM79CcGh8","Mal Feito - Ao Vivo","Marília Mendonça",72,24678213,82,"Brazil"
"12","3sd2p4kE7xQmFH3lPnFl6h","6rygauyIMQJrXRC4e5rQJP","sentaDONA (Remix) s2","Davi Kneip",83,22796,68,"Brazil"
"13","3sd2p4kE7xQmFH3lPnFl6h","5xKesKsXI1jv2TorLOnbbm","sentaDONA (Remix) s2","Mc Frog",83,88865,69,"Brazil"
"14","3sd2p4kE7xQmFH3lPnFl6h","6HJiLhKqnOh32p3LSNWsR3","sentaDONA (Remix) s2","Dj Gabriel do Borel",83,378933,68,"Brazil"
"15","3sd2p4kE7xQmFH3lPnFl6h","4PzYKhC14sTJNEr0dzoo0d","sentaDONA (Remix) s2","Luísa Sonza",83,3125970,73,"Brazil"
"16","6Ulh9GPYz6JKdv04qc3q2U","4JNo6Q5KdcRf1vtSX9mB0S","Dengo","João Gomes",80,3140011,74,"Brazil"
"17","7qD2vjd3btuOgwpQPEY7ci","7Lmrb6KcIzfkmgbtokjsAL","EU VOU COM CARINHO ELA QUER COM FORÇA","Mc Don Juan",77,4495730,74,"Brazil"
"18","7qD2vjd3btuOgwpQPEY7ci","3Nipsl6GVwwGyeAk0J29C6","EU VOU COM CARINHO ELA QUER COM FORÇA","MC G15",77,3626671,66,"Brazil"
"19","7qD2vjd3btuOgwpQPEY7ci","1cYhx7ZOhYoVmnDPb9KMwo","EU VOU COM CARINHO ELA QUER COM FORÇA","Mc Davi",77,3241635,70,"Brazil"
"20","546dFmvwFGBY7MJOkV5ctq","1elUiq4X7pxej6FRlrEzjM","Todo Seu - Ao Vivo","Jorge & Mateus",80,16702382,79,"Brazil"
"21","5zNxUkUW9WiV5oyg6gh2wB","5wbf52LA6kcaboHSN6NEF1","DANÇARINA","PEDRO SAMPAIO",84,1613374,72,"Brazil"
"22","5zNxUkUW9WiV5oyg6gh2wB","1etNnR2SdlelBQAICa2Q5m","DANÇARINA","Mc Pedrinho",84,3630127,71,"Brazil"
"23","3ITkrUvAA6gzxer2UIom3P","1elUiq4X7pxej6FRlrEzjM","Molhando o Volante","Jorge & Mateus",82,16702382,79,"Brazil"
"24","6bTdZ7xfKp3NqqADJ8HLyj","5nP8x4uEFjAAmDzwOEc9b8","Vampiro","Matuê",84,5122165,75,"Brazil"
"25","6bTdZ7xfKp3NqqADJ8HLyj","3MrDVzg7ZXaYMyQmbDInr7","Vampiro","WIU",84,148452,67,"Brazil"
"26","6bTdZ7xfKp3NqqADJ8HLyj","68YeXpLt3jB7JHQS5ZjMGo","Vampiro","Teto",84,1311011,74,"Brazil"
"27","4a0sqvCBo7aRIS4GzBQpnp","7htxZTR76qcXYJylEmkLiJ","Kikando e Me Olhando","MC Braz",81,81282,67,"Brazil"
"28","4a0sqvCBo7aRIS4GzBQpnp","7ujbuq6hAjLSf7cGr6au0b","Kikando e Me Olhando","MC Tairon",81,18188,64,"Brazil"
"29","4a0sqvCBo7aRIS4GzBQpnp","04NtfTeul9H9B41tPvF3MG","Kikando e Me Olhando","Dj Win",81,2726,63,"Brazil"
"30","53RxHysDJ0cjugMcPymwja","3qvcCP2J0fWi0m0uQDUf6r","ABALO EMOCIONAL - Ao Vivo","Luan Santana",82,6131408,75,"Brazil"
"31","3XF598RmEUF3XW4XKo1lyP","1LIuN7ov1IBQDdLsU83ojl","Meu Número - Ao Vivo","Hugo & Guilherme",79,646058,74,"Brazil"
"32","3XF598RmEUF3XW4XKo1lyP","1elUiq4X7pxej6FRlrEzjM","Meu Número - Ao Vivo","Jorge & Mateus",79,16702382,79,"Brazil"
"33","14JKzKrJbPDflw8XyATMey","3p7PcrEHaaKLJnPUGOtRlT","A Maior Saudade - Ao Vivo","Henrique & Juliano",71,15448371,81,"Brazil"
"34","2wSCalnGOnXdAJC0Fn8OUY","3FlCKtwOEYQQYyGVEbxG2Z","Vai Lá Em Casa Hoje","George Henrique & Rodrigo",81,1338405,68,"Brazil"
"35","2wSCalnGOnXdAJC0Fn8OUY","1yR65psqiazQpeM79CcGh8","Vai Lá Em Casa Hoje","Marília Mendonça",81,24678213,82,"Brazil"
"36","4SIBZgMomGFnrIWjmq7Np8","0JjPiLQNgAFaEkwoy56B1C","Desenrola Bate Joga de Ladin (feat. DJ Biel do Furduncinho)","L7NNON",81,1675626,75,"Brazil"
"37","4SIBZgMomGFnrIWjmq7Np8","6f6ccYxDNgsPCMemKceSY4","Desenrola Bate Joga de Ladin (feat. DJ Biel do Furduncinho)","Os Hawaianos",81,140717,63,"Brazil"
"38","4SIBZgMomGFnrIWjmq7Np8","6cBgK7jLKrcynjD5E6mKNu","Desenrola Bate Joga de Ladin (feat. DJ Biel do Furduncinho)","DJ Bel da CDD",81,325,63,"Brazil"
"39","4SIBZgMomGFnrIWjmq7Np8","6Us5Zsn5MAHBk7SHBUsG5X","Desenrola Bate Joga de Ladin (feat. DJ Biel do Furduncinho)","DJ Biel do Furduncinho",81,2291,65,"Brazil"
"40","6nkoWsFZeFt5dUdNmlIceh","7MiDcPa6UiV3In7lIM71IN","Bloqueado - Ao Vivo","Gusttavo Lima",73,16030754,79,"Brazil"
"41","7afaZ37wJJL6880z1NRgJS","68YeXpLt3jB7JHQS5ZjMGo","Fim de Semana no Rio","Teto",82,1311011,74,"Brazil"
"42","0NBgyml7T0IvUNbXIkcSpH","5YwzDz4RJfTiMHS4tdR5Lf","Malvadão 3","Xamã",82,1675605,73,"Brazil"
"43","0NBgyml7T0IvUNbXIkcSpH","0nzfP49X2nrzmmkwZf180L","Malvadão 3","Gustah",82,2021,65,"Brazil"
"44","0NBgyml7T0IvUNbXIkcSpH","6PERJZF7wohA034PAxDK0b","Malvadão 3","Neo Beats",82,81250,71,"Brazil"
"45","7bhvRvE56NHBvedx0EeALS","0BHm7qbh3ENxvXzkQAG7MP","Comunicação Falhou - Ao Vivo","Mari Fernandez",71,417089,72,"Brazil"
"46","7bhvRvE56NHBvedx0EeALS","1SXhEXzOTF7YeuQX59m7pT","Comunicação Falhou - Ao Vivo","NATTAN",71,801667,68,"Brazil"
"47","75FEaRjZTKLhTrFGsfMUXR","1aSxMhuvixZ8h9dK9jIDwL","Running Up That Hill (A Deal With God)","Kate Bush",87,1014154,75,"Brazil"
"48","2ebFBmle5uXcdbrCAOvPcZ","6m6e7D2TnV0aYMllFFwMxu","Vagabundo Chora - Ao Vivo","Guilherme & Benuto",79,348011,66,"Brazil"
"49","5lCAtKxkZL6tFDyGX9t87j","1AL2GKpmRrKXkYIcASuRFa","Eu Já Tava Bem - Ao Vivo","Wesley Safadão",75,10855086,74,"Brazil"
"50","7gVzhRCrLRUBEGdS7zNTp0","7cmuxPnXRJxwuYDHfbD8Eu","Malvada","Zé Felipe",81,3143846,72,"Brazil"
"51","11fqunD6qlOCrRd88kMOk6","3p7PcrEHaaKLJnPUGOtRlT","Evento Cancelado - Ao Vivo","Henrique & Juliano",74,15448371,81,"Brazil"
"52","0E0OENqh3jaZ4VpDFTOLGj","3l4fsEzoeabsET7ddv0lZW","EU BEM QUE TE AVISEI - TU EMPINOU ELE PEI","Mc Delux",73,27555,68,"Brazil"
"53","0E0OENqh3jaZ4VpDFTOLGj","5g1Ojx0MsvmNEjnVKGmHVw","EU BEM QUE TE AVISEI - TU EMPINOU ELE PEI","DJ ABDO",73,738,61,"Brazil"
"54","75fCsUnTiDelE4HMd06t4O","3THyxXDkvAVvmfZKP3Fq7G","Gostosinho Tu Cai","Mc Pepeu",79,35635,64,"Brazil"
"55","75fCsUnTiDelE4HMd06t4O","3JrsRa8z1Pngkkf4pDrokD","Gostosinho Tu Cai","DJ Swat",79,7666,65,"Brazil"
"56","42nZBOwXNdO24Ml032bLBS","2Z0lRIqr997lIUiPtrpKCr","Gatilho - Ao Vivo","Matheus & Kauan",79,9892660,74,"Brazil"
"57","5dFxhpYLOton7aawKsDeiS","7KVJCU4z5L4EUHILL8aMxR","Áudio Que Te Entrega","Leo Santana",77,1500991,66,"Brazil"
"58","5dFxhpYLOton7aawKsDeiS","7Lmrb6KcIzfkmgbtokjsAL","Áudio Que Te Entrega","Mc Don Juan",77,4495730,74,"Brazil"
"59","5dFxhpYLOton7aawKsDeiS","0BHm7qbh3ENxvXzkQAG7MP","Áudio Que Te Entrega","Mari Fernandez",77,417089,72,"Brazil"
"60","6Lk3kU7JcQ5dZ7jbmhJzQN","487N2T9nIPEHrlTZLL3SQs","Melhor Ser uma Saudade","Zé Neto & Cristiano",81,16517361,75,"Brazil"
"61","1ih3nbYJ0lugsku6065BC5","5oqu436HPM9PGpNSlPBpAT","Me Chama de Amor - Arrochadeira Remix","O Tubarão",76,16739,59,"Brazil"
"62","1ih3nbYJ0lugsku6065BC5","2CxOaVqRvTLZAZ7nFnJhsU","Me Chama de Amor - Arrochadeira Remix","Treyce",76,3463,60,"Brazil"
"63","2LEV3lTRxKqLBfmt5BWkLj","7MiDcPa6UiV3In7lIM71IN","Não Pega Ninguém Ainda (Ao Vivo)","Gusttavo Lima",63,16030754,79,"Brazil"
"64","4NJKCE1TBC653P3dCnto0u","5RmXJq0g7MNmgtxXLGbd6K","Simplesmente Ela","Mc Gabzin",80,28066,66,"Brazil"
"65","0tM4J8aID6qYZOE3e14sCj","3p7PcrEHaaKLJnPUGOtRlT","Acordo - Ao Vivo","Henrique & Juliano",72,15448371,81,"Brazil"
"66","4Dvkj6JhhA12EX05fT7y2e","6KImCVD70vtIoJWnq6nGn3","As It Was","Harry Styles",91,21141704,94,"Brazil"
"67","0qYW2jULeN9giEty0ee9Fy","5JbQpbeFaKfuZVFzKwaawP","Botadinha Saliente","MC Rogerinho",80,450296,69,"Brazil"
"68","4qsOrxBv09HhNSpsgMRXdC","1yR65psqiazQpeM79CcGh8","Esqueça-Me Se For Capaz","Marília Mendonça",80,24678213,82,"Brazil"
"69","4qsOrxBv09HhNSpsgMRXdC","59jlthNnbmim5l9tmNA7se","Esqueça-Me Se For Capaz","Maiara & Maraisa",80,10667010,76,"Brazil"
"70","72g37RoelSnovZakG5MwnF","0BHm7qbh3ENxvXzkQAG7MP","Parada Louca","Mari Fernandez",78,417089,72,"Brazil"
"71","72g37RoelSnovZakG5MwnF","4dnPDc045bVjibyATxVUOs","Parada Louca","Marcynho Sensação",78,629565,69,"Brazil"
"72","3IMLoeLerS7TMpKjxUgAhx","3p7PcrEHaaKLJnPUGOtRlT","Arranhão - Ao Vivo","Henrique & Juliano",71,15448371,81,"Brazil"
"73","6bwx7pcKJY05D9S6CVa1k6","41QLxRXlc2NwfJZkHGHKid","Nem Namorado e Nem Ficante - Ao Vivo | Faixa Bônus","Israel & Rodolffo",66,1564652,69,"Brazil"
"74","6bwx7pcKJY05D9S6CVa1k6","59jlthNnbmim5l9tmNA7se","Nem Namorado e Nem Ficante - Ao Vivo | Faixa Bônus","Maiara & Maraisa",66,10667010,76,"Brazil"
"75","71fwkaKdNrxiZZbkzSqmFJ","7FNnA9vBm6EKceENgCGRMb","Que Rabão (feat. Mr. Catra)","Anitta",79,11718350,80,"Brazil"
"76","71fwkaKdNrxiZZbkzSqmFJ","0A0FS04o6zMoto8OKPsDwY","Que Rabão (feat. Mr. Catra)","YG",79,2852877,75,"Brazil"
"77","71fwkaKdNrxiZZbkzSqmFJ","0iZz25uH5PLaShpqq84uYv","Que Rabão (feat. Mr. Catra)","Papatinho",79,358117,66,"Brazil"
"78","71fwkaKdNrxiZZbkzSqmFJ","2UMj7NCbuqy1yUZmiSYGjJ","Que Rabão (feat. Mr. Catra)","MC Kevin o Chris",79,2882746,68,"Brazil"
"79","71fwkaKdNrxiZZbkzSqmFJ","1mXaaMbQM3IYuhNWaZdFuE","Que Rabão (feat. Mr. Catra)","Mr. Catra",79,237634,61,"Brazil"
"80","0MKd4uZd8Ag8qyReZBTarP","3hq7WoPJsrRP0KMSLhUgRz","Pino da Granada (Ao Vivo em Rio Preto)","Murilo Huff",68,251715,68,"Brazil"
"81","3FkeNbs9Zeiqkr3WkbOiGp","7FNnA9vBm6EKceENgCGRMb","Envolver","Anitta",79,11718350,80,"Brazil"
"82","2IJPcsIjReWb0v4EdNuwLu","21WAvVROZ83oUvJwFTG2dH","Assume a Gente - Ao Vivo","João Bosco e Gabriel",75,63795,60,"Brazil"
"83","2IJPcsIjReWb0v4EdNuwLu","3k68C6mNMJL6OaAdWeW2ZF","Assume a Gente - Ao Vivo","Diego & Victor Hugo",75,2019947,69,"Brazil"
"84","3YvE7uo4ffseBoJPh8IhHp","1yR65psqiazQpeM79CcGh8","Presepada","Marília Mendonça",78,24678213,82,"Brazil"
"85","3YvE7uo4ffseBoJPh8IhHp","59jlthNnbmim5l9tmNA7se","Presepada","Maiara & Maraisa",78,10667010,76,"Brazil"
"86","3QGxgNaqaFSpORp2OVLXHR","68PYmgkbRP1qZnEWOry7sB","212","Chefin",79,226713,67,"Brazil"
"87","3QGxgNaqaFSpORp2OVLXHR","25XJqeReVV38w0tR04GGBd","212","Mainstreet",79,171131,75,"Brazil"
"88","75FEaRjZTKLhTrFGsfMUXR","1aSxMhuvixZ8h9dK9jIDwL","Running Up That Hill (A Deal With God)","Kate Bush",87,1014154,75,"USA"
"89","4Dvkj6JhhA12EX05fT7y2e","6KImCVD70vtIoJWnq6nGn3","As It Was","Harry Styles",91,21141704,94,"USA"
"90","0O6u0VJ46W86TxN9wgyqDj","246dkjvS1zLTtiykXe5h60","I Like You (A Happier Song) (with Doja Cat)","Post Malone",79,37070325,88,"USA"
"91","0O6u0VJ46W86TxN9wgyqDj","5cj0lLjcoR7YOSnhnX0Po5","I Like You (A Happier Song) (with Doja Cat)","Doja Cat",79,19248569,88,"USA"
"92","1qEmFfgcLObUfQm0j1W2CK","6KImCVD70vtIoJWnq6nGn3","Late Night Talking","Harry Styles",93,21141704,94,"USA"
"93","6Sq7ltF9Qa7SNFBsV5Cogx","4q3ewBCX7sLwd24euuV69X","Me Porto Bonito","Bad Bunny",96,49322031,100,"USA"
"94","6Sq7ltF9Qa7SNFBsV5Cogx","37230BxxYs9ksS7OkZw3IU","Me Porto Bonito","Chencho Corleone",96,257803,83,"USA"
"95","32vE1nuG8T9c8bhmZdRY6d","246dkjvS1zLTtiykXe5h60","Cooped Up (with Roddy Ricch)","Post Malone",73,37070325,88,"USA"
"96","32vE1nuG8T9c8bhmZdRY6d","757aE44tKEUQEqRuT6GnEB","Cooped Up (with Roddy Ricch)","Roddy Ricch",73,7977807,80,"USA"
"97","0wHFktze2PHC5jDt3B17DC","2LIk90788K0zvyj2JJVwkJ","First Class","Jack Harlow",84,2186989,87,"USA"
"98","1PckUlxKqWQs3RlWXVBLw3","56oDRnqbIiwx4mymNEv7dS","About Damn Time","Lizzo",93,4672279,80,"USA"
"99","1IHWl5LamUGEuP4ozKQSXZ","4q3ewBCX7sLwd24euuV69X","Tití Me Preguntó","Bad Bunny",95,49322031,100,"USA"
"100","59nOXPmaKlBfGMDeOVGrIK","1RyvyyTE3xzB2ZywiAwp0i","WAIT FOR U (feat. Drake & Tems)","Future",89,11616010,88,"USA"
"101","59nOXPmaKlBfGMDeOVGrIK","3TVXtAsR1Inumwj472S9r4","WAIT FOR U (feat. Drake & Tems)","Drake",89,63843309,93,"USA"
"102","59nOXPmaKlBfGMDeOVGrIK","687cZJR45JO7jhk1LHIbgq","WAIT FOR U (feat. Drake & Tems)","Tems",89,508048,75,"USA"
"103","3k3NWokhRRkEPhCzPmV8TW","4q3ewBCX7sLwd24euuV69X","Ojitos Lindos","Bad Bunny",96,49322031,100,"USA"
"104","3k3NWokhRRkEPhCzPmV8TW","5n9bMYfz9qss2VOW89EVs2","Ojitos Lindos","Bomba Estéreo",96,948516,79,"USA"
"105","02MWAaffLxlfxAUY7c5dvx","4yvcSjfu4PC0CYQyLy4wSq","Heat Waves","Glass Animals",90,2909250,80,"USA"
"106","6Xom58OOXk2SoU711L2IXO","4q3ewBCX7sLwd24euuV69X","Moscow Mule","Bad Bunny",96,49322031,100,"USA"
"107","5LYMamLv12UPbemOaTPyeV","6KImCVD70vtIoJWnq6nGn3","Music For a Sushi Restaurant","Harry Styles",91,21141704,94,"USA"
"108","6Kfoo60npYPdvNxMPMiDpX","246dkjvS1zLTtiykXe5h60","Wrapped Around Your Finger","Post Malone",74,37070325,88,"USA"
"109","4tYFy8ALRjIZvnvSLw5lxN","4q3ewBCX7sLwd24euuV69X","Party","Bad Bunny",94,49322031,100,"USA"
"110","4tYFy8ALRjIZvnvSLw5lxN","1mcTU81TzQhprhouKaTkpq","Party","Rauw Alejandro",94,11781971,89,"USA"
"111","1dm6z1fWB0cErMszU25dy2","4q3ewBCX7sLwd24euuV69X","Después de la Playa","Bad Bunny",92,49322031,100,"USA"
"112","51Zw1cKDgkad0CXv23HCMU","6KImCVD70vtIoJWnq6nGn3","Daylight","Harry Styles",90,21141704,94,"USA"
"113","6uvh0In7u1Xn4HgxOfAn8O","6KImCVD70vtIoJWnq6nGn3","Matilda","Harry Styles",91,21141704,94,"USA"
"114","1NvpO1o8SpkdH3txtJQQc7","246dkjvS1zLTtiykXe5h60","Lemon Tree","Post Malone",74,37070325,88,"USA"
"115","2OcSE0EXzgUuqkM1NIJPHJ","246dkjvS1zLTtiykXe5h60","Wasting Angels (with The Kid LAROI)","Post Malone",74,37070325,88,"USA"
"116","2OcSE0EXzgUuqkM1NIJPHJ","2tIP7SsRs7vjIcLrU85W8J","Wasting Angels (with The Kid LAROI)","The Kid LAROI",74,3740595,83,"USA"
"117","5Eax0qFko2dh7Rl2lYs3bx","4q3ewBCX7sLwd24euuV69X","Efecto","Bad Bunny",92,49322031,100,"USA"
"118","1nltpRhEiXikwDlVn4UADk","246dkjvS1zLTtiykXe5h60","One Right Now (with The Weeknd)","Post Malone",69,37070325,88,"USA"
"119","1nltpRhEiXikwDlVn4UADk","1Xyo4u8uXC1ZmMpatF05PJ","One Right Now (with The Weeknd)","The Weeknd",69,45402064,91,"USA"
"120","2FeBslNBMdR9V58uv6hd2t","2YZyLoL8N0Wb9xBt1NhZWg","N95","Kendrick Lamar",90,20476655,92,"USA"
"121","4IxeKzzxUSEgivgtbSbyIK","246dkjvS1zLTtiykXe5h60","I Cannot Be (A Sadder Song) (with Gunna)","Post Malone",74,37070325,88,"USA"
"122","4IxeKzzxUSEgivgtbSbyIK","2hlmm7s2ICUX0LVIhVFlZQ","I Cannot Be (A Sadder Song) (with Gunna)","Gunna",74,4328023,85,"USA"
"123","67dU06KGaJHLLlo5Y5bkD2","246dkjvS1zLTtiykXe5h60","Reputation","Post Malone",74,37070325,88,"USA"
"124","2meHtZ7N97pJfvTL4hYtfv","246dkjvS1zLTtiykXe5h60","Insane","Post Malone",73,37070325,88,"USA"
"125","06JvOZ39sK8D8SqiqfaxDU","5K4W6rqBFWDnAN6FQUkS6x","True Love","Kanye West",85,17402556,90,"USA"
"126","06JvOZ39sK8D8SqiqfaxDU","15UsOTVnJzReFVN1VCnxy4","True Love","XXXTENTACION",85,36697696,86,"USA"
"127","4j6kId9QIqhoXvqHKgSKa0","6KImCVD70vtIoJWnq6nGn3","Grapejuice","Harry Styles",89,21141704,94,"USA"
"128","7dSZ6zGTQx66c2GF91xCrb","790FomKkXshlbRYZFtlgla","PROVENZA","KAROL G",94,25070094,87,"USA"
"129","3i058E8uxTsYqJ5NWZzqSj","6KImCVD70vtIoJWnq6nGn3","Little Freak","Harry Styles",90,21141704,94,"USA"
"130","0rzaRSujxA0bKyjJl6vHYq","6KImCVD70vtIoJWnq6nGn3","Satellite","Harry Styles",89,21141704,94,"USA"
"131","1qMMYpVatbRITKCfq1gasi","1RyvyyTE3xzB2ZywiAwp0i","PUFFIN ON ZOOTIEZ","Future",82,11616010,88,"USA"
"132","5uU1uuyaUIBOiiUSQG7Wl3","4oUHIQIBe0LHzYfvXNW4QM","You Proof","Morgan Wallen",82,3445496,83,"USA"
"133","6R9c642Hs3tOdLowjYaWt2","246dkjvS1zLTtiykXe5h60","Love/Hate Letter To Alcohol (with Fleet Foxes)","Post Malone",73,37070325,88,"USA"
"134","6R9c642Hs3tOdLowjYaWt2","4EVpmkEwrLYEg6jIsiPMIb","Love/Hate Letter To Alcohol (with Fleet Foxes)","Fleet Foxes",73,1205067,63,"USA"
"135","1oc92BMKYkNxK17C2GtyRM","6AgTAQt8XS6jRWi4sX7w49","Distraction","Polo G",72,7601746,83,"USA"
"136","6Uj1ctrBOjOas8xZXGqKk4","5cj0lLjcoR7YOSnhnX0Po5","Woman","Doja Cat",91,19248569,88,"USA"
"137","68Dni7IE4VyPkTOH9mRWHr","6l3HvQ5sa6mXTsMTB19rO5","No Role Modelz","J. Cole",87,16937093,85,"USA"
"138","5PjdY0CKGZdEuoNab3yDmX","2tIP7SsRs7vjIcLrU85W8J","STAY (with Justin Bieber)","The Kid LAROI",87,3740595,83,"USA"
"139","5PjdY0CKGZdEuoNab3yDmX","1uNFoZAHBGtllmzznpCI3s","STAY (with Justin Bieber)","Justin Bieber",87,61412393,91,"USA"
"140","3cBsEDNhFI9E82vPj3kvi3","4oUHIQIBe0LHzYfvXNW4QM","Wasted On You","Morgan Wallen",82,3445496,83,"USA"
"141","6EbVuwU7EnKeF2hdpViXCH","6EPlBSH2RSiettczlz7ihV","Die Young (feat. 347aidan)","Sleepy Hallow",81,900188,76,"USA"
"142","6EbVuwU7EnKeF2hdpViXCH","0bBz5bRBkExaej2HxtVfCw","Die Young (feat. 347aidan)","347aidan",81,354474,69,"USA"
"143","6I3mqTwhRpn34SLVafSH7G","1uNFoZAHBGtllmzznpCI3s","Ghost","Justin Bieber",89,61412393,91,"USA"
"144","2NcQic8JxdjAlAHuNbOIRE","6KImCVD70vtIoJWnq6nGn3","Keep Driving","Harry Styles",88,21141704,94,"USA"
"145","6gI9b2VsoWhjhIuIeToDVs","2YZyLoL8N0Wb9xBt1NhZWg","Die Hard","Kendrick Lamar",89,20476655,92,"USA"
"146","6gI9b2VsoWhjhIuIeToDVs","4qXC0i02bSFstECuXP2ZpL","Die Hard","Blxst",89,303542,76,"USA"
"147","6gI9b2VsoWhjhIuIeToDVs","1PpDfXOUG7gxUjR1quWnwp","Die Hard","Amanda Reifer",89,5572,71,"USA"
"148","35TyJIMR3xRouUuo2sjS6v","6KImCVD70vtIoJWnq6nGn3","Cinema","Harry Styles",88,21141704,94,"USA"
"149","5Z9KJZvQzH6PFmb8SNkxuk","7jVv8c5Fj3E9VhNjxT4snq","INDUSTRY BABY (feat. Jack Harlow)","Lil Nas X",85,11052462,82,"USA"
"150","5Z9KJZvQzH6PFmb8SNkxuk","2LIk90788K0zvyj2JJVwkJ","INDUSTRY BABY (feat. Jack Harlow)","Jack Harlow",85,2186989,87,"USA"
"151","69w5X6uTrOaWM32IetSzvO","6KImCVD70vtIoJWnq6nGn3","Daydreaming","Harry Styles",88,21141704,94,"USA"
"152","41oY4WCTj5kccfesTVFnvN","4q3ewBCX7sLwd24euuV69X","Tarot","Bad Bunny",92,49322031,100,"USA"
"153","41oY4WCTj5kccfesTVFnvN","0EFisYRi20PTADoJrifHrz","Tarot","Jhay Cortez",92,4114076,84,"USA"
"154","1mw0RgNXIpYRyyCdBQbLgA","6KImCVD70vtIoJWnq6nGn3","Love Of My Life","Harry Styles",88,21141704,94,"USA"
"155","5CzixCxDkRXX9mScCmah8O","4q3ewBCX7sLwd24euuV69X","Un Ratito","Bad Bunny",91,49322031,100,"USA"
"156","6Sq7ltF9Qa7SNFBsV5Cogx","4q3ewBCX7sLwd24euuV69X","Me Porto Bonito","Bad Bunny",96,49322031,100,"Mexico"
"157","6Sq7ltF9Qa7SNFBsV5Cogx","37230BxxYs9ksS7OkZw3IU","Me Porto Bonito","Chencho Corleone",96,257803,83,"Mexico"
"158","3k3NWokhRRkEPhCzPmV8TW","4q3ewBCX7sLwd24euuV69X","Ojitos Lindos","Bad Bunny",96,49322031,100,"Mexico"
"159","3k3NWokhRRkEPhCzPmV8TW","5n9bMYfz9qss2VOW89EVs2","Ojitos Lindos","Bomba Estéreo",96,948516,79,"Mexico"
"160","1IHWl5LamUGEuP4ozKQSXZ","4q3ewBCX7sLwd24euuV69X","Tití Me Preguntó","Bad Bunny",95,49322031,100,"Mexico"
"161","4tYFy8ALRjIZvnvSLw5lxN","4q3ewBCX7sLwd24euuV69X","Party","Bad Bunny",94,49322031,100,"Mexico"
"162","4tYFy8ALRjIZvnvSLw5lxN","1mcTU81TzQhprhouKaTkpq","Party","Rauw Alejandro",94,11781971,89,"Mexico"
"163","5Eax0qFko2dh7Rl2lYs3bx","4q3ewBCX7sLwd24euuV69X","Efecto","Bad Bunny",92,49322031,100,"Mexico"
"164","2rurDawMfoKP4uHyb2kJBt","0EmeFodog0BfCgMzAIvKQp","Te Felicito","Shakira",88,23705387,82,"Mexico"
"165","2rurDawMfoKP4uHyb2kJBt","1mcTU81TzQhprhouKaTkpq","Te Felicito","Rauw Alejandro",88,11781971,89,"Mexico"
"166","7dSZ6zGTQx66c2GF91xCrb","790FomKkXshlbRYZFtlgla","PROVENZA","KAROL G",94,25070094,87,"Mexico"
"167","6Xom58OOXk2SoU711L2IXO","4q3ewBCX7sLwd24euuV69X","Moscow Mule","Bad Bunny",96,49322031,100,"Mexico"
"168","2NWaWZZLFMcr5P4uI2KvWy","1iXdpCz3AeLEAvzqeNodt8","En El Radio Un Cochinero","Victor Cibrian",81,25770,64,"Mexico"
"169","1dm6z1fWB0cErMszU25dy2","4q3ewBCX7sLwd24euuV69X","Después de la Playa","Bad Bunny",92,49322031,100,"Mexico"
"170","41oY4WCTj5kccfesTVFnvN","4q3ewBCX7sLwd24euuV69X","Tarot","Bad Bunny",92,49322031,100,"Mexico"
"171","41oY4WCTj5kccfesTVFnvN","0EFisYRi20PTADoJrifHrz","Tarot","Jhay Cortez",92,4114076,84,"Mexico"
"172","4Dvkj6JhhA12EX05fT7y2e","6KImCVD70vtIoJWnq6nGn3","As It Was","Harry Styles",91,21141704,94,"Mexico"
"173","74WROFXsox6wkeUrEK2DS6","1gJdf4Yybu4X5A2xYV3NMV","Chale","Eden Muñoz",84,104763,70,"Mexico"
"174","5kpxVMDvYGRmNqawPqDTYR","49EE6lVLgU8sp7dFgPshgM","JGL","La Adictiva Banda San José de Mesillas",81,4022974,71,"Mexico"
"175","5kpxVMDvYGRmNqawPqDTYR","0pePYDrJGk8gqMRbXrLJC8","JGL","Luis R Conriquez",81,642374,78,"Mexico"
"176","1O2pcBJGej0pmH2Y9XZMs6","1Yj5Xey7kTwvZla8sqdsdE","Una Noche en Medellín","Cris Mj",92,378618,79,"Mexico"
"177","5CzixCxDkRXX9mScCmah8O","4q3ewBCX7sLwd24euuV69X","Un Ratito","Bad Bunny",91,49322031,100,"Mexico"
"178","3ZGkdrigbWXLgHungXfZkt","7Gi6gjaWy3DxyilpF1a8Is","Los Botones Azules","Junior H",82,2857864,78,"Mexico"
"179","3ZGkdrigbWXLgHungXfZkt","0pePYDrJGk8gqMRbXrLJC8","Los Botones Azules","Luis R Conriquez",82,642374,78,"Mexico"
"180","44XjoNvtwevktFKjvVe1vH","4q3ewBCX7sLwd24euuV69X","Andrea","Bad Bunny",89,49322031,100,"Mexico"
"181","44XjoNvtwevktFKjvVe1vH","0MoaBi6dSquXp6rrlqlF8R","Andrea","Buscabulla",89,66829,71,"Mexico"
"182","0UXlu64mDLvfzR8IXMz06J","0XwVARXT135rw8lyw1EeWP","Ya No Somos Ni Seremos","Christian Nodal",84,11135286,81,"Mexico"
"183","2rDZhKnPaPG054ExZ6nXUS","7j6DKwmjbxvpQO8h914uEz","Jordan","Ryan Castro",90,712083,77,"Mexico"
"184","1EAzCHtS45JvyXNSposHCY","0XwVARXT135rw8lyw1EeWP","Girasol","Christian Nodal",60,11135286,81,"Mexico"
"185","31i56LZnwE6uSu3exoHjtB","4q3ewBCX7sLwd24euuV69X","Neverita","Bad Bunny",90,49322031,100,"Mexico"
"186","2uflssWlCaJ6CbTMOsUpNI","4q3ewBCX7sLwd24euuV69X","Aguacero","Bad Bunny",89,49322031,100,"Mexico"
"187","75UMtPC77vqKRwfSuYuNPO","6OBGbSaBUvQtk9wpQfDbOE","San Lucas","Kevin Kaarl",84,2020619,77,"Mexico"
"188","28GCbKgjlVD9eDmasGbe0T","4q3ewBCX7sLwd24euuV69X","Me Fui de Vacaciones","Bad Bunny",90,49322031,100,"Mexico"
"189","6mmPpaltUZK7xjNlBPQQ0p","1mcTU81TzQhprhouKaTkpq","Desesperados","Rauw Alejandro",85,11781971,89,"Mexico"
"190","6mmPpaltUZK7xjNlBPQQ0p","37230BxxYs9ksS7OkZw3IU","Desesperados","Chencho Corleone",85,257803,83,"Mexico"
"191","5kVZxyMY1gfdCLiChsfjn1","4q3ewBCX7sLwd24euuV69X","Yo No Soy Celoso","Bad Bunny",90,49322031,100,"Mexico"
"192","75FEaRjZTKLhTrFGsfMUXR","1aSxMhuvixZ8h9dK9jIDwL","Running Up That Hill (A Deal With God)","Kate Bush",87,1014154,75,"Mexico"
"193","1UdzJEpgJxtuXAlCOvD4S0","5H1nN1SzW0qNeUEZvuXjAj","Fuera del mercado","Danny Ocean",89,4046264,78,"Mexico"
"194","1797zYiX4cKosMH836X9Gt","4q3ewBCX7sLwd24euuV69X","La Corriente","Bad Bunny",89,49322031,100,"Mexico"
"195","1797zYiX4cKosMH836X9Gt","3LKXWvXFWrkwUzJWxzwVpW","La Corriente","Tony Dize",89,2881386,74,"Mexico"
"196","0OTNHGKcqQbk51bOYe462Y","768O5GliF0bqscyghggrbE","ULTRA SOLO","Polimá Westcoast",88,193967,74,"Mexico"
"197","0OTNHGKcqQbk51bOYe462Y","4yxLYO2imECxGYTTV7RQKb","ULTRA SOLO","Pailita",88,265478,76,"Mexico"
"198","7FlQk2gJ6TBrHHiidvdR2O","4obzFoKoKRHIphyHzJ35G3","MAMIII","Becky G",77,11585888,81,"Mexico"
"199","7FlQk2gJ6TBrHHiidvdR2O","790FomKkXshlbRYZFtlgla","MAMIII","KAROL G",77,25070094,87,"Mexico"
"200","5IdyvWCaUa7AgTxMsFj0wB","1glBi4zyzqaSQoy8ReU0rz","Fuga Pa Cali 2","Grupo Los de la O",80,213744,69,"Mexico"
"201","6VrQTLzzuyGIYjUDe4kAZk","4q3ewBCX7sLwd24euuV69X","Un Coco","Bad Bunny",88,49322031,100,"Mexico"
"202","0E0DRHf5PfMeor0ZCwB3oT","4q3ewBCX7sLwd24euuV69X","Otro Atardecer","Bad Bunny",88,49322031,100,"Mexico"
"203","0E0DRHf5PfMeor0ZCwB3oT","2sSGPbdZJkaSE2AbcGOACx","Otro Atardecer","The Marías",88,764671,73,"Mexico"
"204","4d4ZXH4dr5bYfgErHiZCX2","4q3ewBCX7sLwd24euuV69X","Dos Mil 16","Bad Bunny",88,49322031,100,"Mexico"
"205","3p6eieHX6oEOzJStPtEsLu","4jogXSSvlyMkODGSZ2wc2P","Si Te Pudiera Mentir","Calibre 50",82,7569288,77,"Mexico"
"206","48AJSd42lXpicsGqcgopof","4VMYDCV2IEDYJArk749S6m","X ÚLTIMA VEZ","Daddy Yankee",89,27724769,87,"Mexico"
"207","48AJSd42lXpicsGqcgopof","4q3ewBCX7sLwd24euuV69X","X ÚLTIMA VEZ","Bad Bunny",89,49322031,100,"Mexico"
"208","4gzsuuZypVbxs0Af1LSZyB","0GM7qgcRCORpGnfcN2tCiB","Lo Siento BB:/ (with Bad Bunny & Julieta Venegas)","Tainy",88,911973,79,"Mexico"
"209","4gzsuuZypVbxs0Af1LSZyB","4q3ewBCX7sLwd24euuV69X","Lo Siento BB:/ (with Bad Bunny & Julieta Venegas)","Bad Bunny",88,49322031,100,"Mexico"
"210","4gzsuuZypVbxs0Af1LSZyB","2QWIScpFDNxmS6ZEMIUvgm","Lo Siento BB:/ (with Bad Bunny & Julieta Venegas)","Julieta Venegas",88,1667183,75,"Mexico"
"211","798ahLNEcoFER7Vywg1FMT","4jogXSSvlyMkODGSZ2wc2P","A La Antigüita","Calibre 50",81,7569288,77,"Mexico"
"212","3FkeNbs9Zeiqkr3WkbOiGp","7FNnA9vBm6EKceENgCGRMb","Envolver","Anitta",79,11718350,80,"Mexico"
"213","2JPLbjOn0wPCngEot2STUS","4q3ewBCX7sLwd24euuV69X","Yonaguni","Bad Bunny",88,49322031,100,"Mexico"
"214","71wFwRo8xGc4lrcyKwsvba","4q3ewBCX7sLwd24euuV69X","Callaita","Bad Bunny",85,49322031,100,"Mexico"
"215","71wFwRo8xGc4lrcyKwsvba","0GM7qgcRCORpGnfcN2tCiB","Callaita","Tainy",85,911973,79,"Mexico"
"216","18HOjcvTVV7W8YzBuOsAPS","4q3ewBCX7sLwd24euuV69X","Un Verano Sin Ti","Bad Bunny",88,49322031,100,"Mexico"
"217","6Yard5LK4aXEn0kBKtHSob","1dKdetem2xEmjgvyymzytS","Se Fue La Pantera (En Vivo)","Grupo Firme",78,6095264,80,"Mexico"
"218","6Yard5LK4aXEn0kBKtHSob","2Dlvgi70UoJJicfKgoW5Vo","Se Fue La Pantera (En Vivo)","Grupo Recluta",78,351415,68,"Mexico"
"219","7Jph6HJbfURt4Fea19IED3","1gW6pz5n1aK249L0GvfQCC","Si Fuera Fácil","Grupo Marca Registrada",69,728008,70,"Mexico"
"220","2NMjggapJcXXM7WccGEBUO","4q3ewBCX7sLwd24euuV69X","Enséñame a Bailar","Bad Bunny",88,49322031,100,"Mexico"
"221","7dT9D6117e5DbhnKxDLNW9","6OBGbSaBUvQtk9wpQfDbOE","Colapso","Kevin Kaarl",81,2020619,77,"Mexico"
"222","3GaGWoU1KfVqgl7vnRHP55","5TYxZTjIPqKM8K8NuP9woO","Demasiadas Mujeres","C. Tangana",85,2011826,76,"Mexico"
"223","6HIIuuUIEzH1meVdGbMXyf","1dKdetem2xEmjgvyymzytS","Ya Supérame (En Vivo)","Grupo Firme",80,6095264,80,"Mexico"
"224","4Dvkj6JhhA12EX05fT7y2e","6KImCVD70vtIoJWnq6nGn3","As It Was","Harry Styles",91,21141704,94,"Global"
"225","75FEaRjZTKLhTrFGsfMUXR","1aSxMhuvixZ8h9dK9jIDwL","Running Up That Hill (A Deal With God)","Kate Bush",87,1014154,75,"Global"
"226","6Sq7ltF9Qa7SNFBsV5Cogx","4q3ewBCX7sLwd24euuV69X","Me Porto Bonito","Bad Bunny",96,49322031,100,"Global"
"227","6Sq7ltF9Qa7SNFBsV5Cogx","37230BxxYs9ksS7OkZw3IU","Me Porto Bonito","Chencho Corleone",96,257803,83,"Global"
"228","3k3NWokhRRkEPhCzPmV8TW","4q3ewBCX7sLwd24euuV69X","Ojitos Lindos","Bad Bunny",96,49322031,100,"Global"
"229","3k3NWokhRRkEPhCzPmV8TW","5n9bMYfz9qss2VOW89EVs2","Ojitos Lindos","Bomba Estéreo",96,948516,79,"Global"
"230","1IHWl5LamUGEuP4ozKQSXZ","4q3ewBCX7sLwd24euuV69X","Tití Me Preguntó","Bad Bunny",95,49322031,100,"Global"
"231","6Xom58OOXk2SoU711L2IXO","4q3ewBCX7sLwd24euuV69X","Moscow Mule","Bad Bunny",96,49322031,100,"Global"
"232","5Eax0qFko2dh7Rl2lYs3bx","4q3ewBCX7sLwd24euuV69X","Efecto","Bad Bunny",92,49322031,100,"Global"
"233","7dSZ6zGTQx66c2GF91xCrb","790FomKkXshlbRYZFtlgla","PROVENZA","KAROL G",94,25070094,87,"Global"
"234","4tYFy8ALRjIZvnvSLw5lxN","4q3ewBCX7sLwd24euuV69X","Party","Bad Bunny",94,49322031,100,"Global"
"235","4tYFy8ALRjIZvnvSLw5lxN","1mcTU81TzQhprhouKaTkpq","Party","Rauw Alejandro",94,11781971,89,"Global"
"236","1qEmFfgcLObUfQm0j1W2CK","6KImCVD70vtIoJWnq6nGn3","Late Night Talking","Harry Styles",93,21141704,94,"Global"
"237","02MWAaffLxlfxAUY7c5dvx","4yvcSjfu4PC0CYQyLy4wSq","Heat Waves","Glass Animals",90,2909250,80,"Global"
"238","1PckUlxKqWQs3RlWXVBLw3","56oDRnqbIiwx4mymNEv7dS","About Damn Time","Lizzo",93,4672279,80,"Global"
"239","0O6u0VJ46W86TxN9wgyqDj","246dkjvS1zLTtiykXe5h60","I Like You (A Happier Song) (with Doja Cat)","Post Malone",79,37070325,88,"Global"
"240","0O6u0VJ46W86TxN9wgyqDj","5cj0lLjcoR7YOSnhnX0Po5","I Like You (A Happier Song) (with Doja Cat)","Doja Cat",79,19248569,88,"Global"
"241","0wHFktze2PHC5jDt3B17DC","2LIk90788K0zvyj2JJVwkJ","First Class","Jack Harlow",84,2186989,87,"Global"
"242","2rurDawMfoKP4uHyb2kJBt","0EmeFodog0BfCgMzAIvKQp","Te Felicito","Shakira",88,23705387,82,"Global"
"243","2rurDawMfoKP4uHyb2kJBt","1mcTU81TzQhprhouKaTkpq","Te Felicito","Rauw Alejandro",88,11781971,89,"Global"
"244","5PjdY0CKGZdEuoNab3yDmX","2tIP7SsRs7vjIcLrU85W8J","STAY (with Justin Bieber)","The Kid LAROI",87,3740595,83,"Global"
"245","5PjdY0CKGZdEuoNab3yDmX","1uNFoZAHBGtllmzznpCI3s","STAY (with Justin Bieber)","Justin Bieber",87,61412393,91,"Global"
"246","2DB4DdfCFMw1iaR6JaR03a","4nDoRrQiYLoBzwC5BhVJzF","Bam Bam (feat. Ed Sheeran)","Camila Cabello",83,26868942,83,"Global"
"247","2DB4DdfCFMw1iaR6JaR03a","6eUKZXaKkcviH0Ku9w2n3V","Bam Bam (feat. Ed Sheeran)","Ed Sheeran",83,97986998,91,"Global"
"248","32vE1nuG8T9c8bhmZdRY6d","246dkjvS1zLTtiykXe5h60","Cooped Up (with Roddy Ricch)","Post Malone",73,37070325,88,"Global"
"249","32vE1nuG8T9c8bhmZdRY6d","757aE44tKEUQEqRuT6GnEB","Cooped Up (with Roddy Ricch)","Roddy Ricch",73,7977807,80,"Global"
"250","1dm6z1fWB0cErMszU25dy2","4q3ewBCX7sLwd24euuV69X","Después de la Playa","Bad Bunny",92,49322031,100,"Global"
"251","41oY4WCTj5kccfesTVFnvN","4q3ewBCX7sLwd24euuV69X","Tarot","Bad Bunny",92,49322031,100,"Global"
"252","41oY4WCTj5kccfesTVFnvN","0EFisYRi20PTADoJrifHrz","Tarot","Jhay Cortez",92,4114076,84,"Global"
"253","6JIC3hbC28JZKZ8AlAqX8h","3PhoLpVuITZKcymswpck5b","Cold Heart - PNAU Remix","Elton John",84,9404704,82,"Global"
"254","6JIC3hbC28JZKZ8AlAqX8h","6M2wZ9GZgrQXHCFfjv46we","Cold Heart - PNAU Remix","Dua Lipa",84,34229761,88,"Global"
"255","6JIC3hbC28JZKZ8AlAqX8h","6n28c9qs9hNGriNa72b26u","Cold Heart - PNAU Remix","PNAU",84,184406,75,"Global"
"256","58HvfVOeJY7lUuCqF0m3ly","67MNhiAICFY6Pwc2YxCO0K","MIDDLE OF THE NIGHT","Elley Duhé",92,251448,75,"Global"
"257","1O2pcBJGej0pmH2Y9XZMs6","1Yj5Xey7kTwvZla8sqdsdE","Una Noche en Medellín","Cris Mj",92,378618,79,"Global"
"258","6I3mqTwhRpn34SLVafSH7G","1uNFoZAHBGtllmzznpCI3s","Ghost","Justin Bieber",89,61412393,91,"Global"
"259","5CzixCxDkRXX9mScCmah8O","4q3ewBCX7sLwd24euuV69X","Un Ratito","Bad Bunny",91,49322031,100,"Global"
"260","1HhNoOuqm1a5MXYEgAFl8o","53XhwfbYqKCa1cC15pYq2q","Enemy (with JID) - from the series Arcane League of Legends","Imagine Dragons",83,40384155,86,"Global"
"261","1HhNoOuqm1a5MXYEgAFl8o","6U3ybJ9UHNKEdsH7ktGBZ7","Enemy (with JID) - from the series Arcane League of Legends","JID",83,878019,78,"Global"
"262","1HhNoOuqm1a5MXYEgAFl8o","57nPqD7z62gDdq37US9XJR","Enemy (with JID) - from the series Arcane League of Legends","Arcane",83,126400,76,"Global"
"263","1HhNoOuqm1a5MXYEgAFl8o","47mIJdHORyRerp4os813jD","Enemy (with JID) - from the series Arcane League of Legends","League of Legends",83,1427265,80,"Global"
"264","0T5iIrXA4p5GsubkhuBIKV","5XKFrudbV4IiuE5WuTPRmT","Until I Found You","Stephen Sanchez",88,97821,71,"Global"
"265","6uvh0In7u1Xn4HgxOfAn8O","6KImCVD70vtIoJWnq6nGn3","Matilda","Harry Styles",91,21141704,94,"Global"
"266","7FlQk2gJ6TBrHHiidvdR2O","4obzFoKoKRHIphyHzJ35G3","MAMIII","Becky G",77,11585888,81,"Global"
"267","7FlQk2gJ6TBrHHiidvdR2O","790FomKkXshlbRYZFtlgla","MAMIII","KAROL G",77,25070094,87,"Global"
"268","5LYMamLv12UPbemOaTPyeV","6KImCVD70vtIoJWnq6nGn3","Music For a Sushi Restaurant","Harry Styles",91,21141704,94,"Global"
"269","5Z9KJZvQzH6PFmb8SNkxuk","7jVv8c5Fj3E9VhNjxT4snq","INDUSTRY BABY (feat. Jack Harlow)","Lil Nas X",85,11052462,82,"Global"
"270","5Z9KJZvQzH6PFmb8SNkxuk","2LIk90788K0zvyj2JJVwkJ","INDUSTRY BABY (feat. Jack Harlow)","Jack Harlow",85,2186989,87,"Global"
"271","6Uj1ctrBOjOas8xZXGqKk4","5cj0lLjcoR7YOSnhnX0Po5","Woman","Doja Cat",91,19248569,88,"Global"
"272","51Zw1cKDgkad0CXv23HCMU","6KImCVD70vtIoJWnq6nGn3","Daylight","Harry Styles",90,21141704,94,"Global"
"273","6mmPpaltUZK7xjNlBPQQ0p","1mcTU81TzQhprhouKaTkpq","Desesperados","Rauw Alejandro",85,11781971,89,"Global"
"274","6mmPpaltUZK7xjNlBPQQ0p","37230BxxYs9ksS7OkZw3IU","Desesperados","Chencho Corleone",85,257803,83,"Global"
"275","3FkeNbs9Zeiqkr3WkbOiGp","7FNnA9vBm6EKceENgCGRMb","Envolver","Anitta",79,11718350,80,"Global"
"276","50nfwKoDiSYg8zOCREWAm5","6eUKZXaKkcviH0Ku9w2n3V","Shivers","Ed Sheeran",90,97986998,91,"Global"
"277","7ef4DlsgrMEH11cDZd32M6","7CajNmpbOovFoOoasH2HaY","One Kiss (with Dua Lipa)","Calvin Harris",84,22765589,83,"Global"
"278","7ef4DlsgrMEH11cDZd32M6","6M2wZ9GZgrQXHCFfjv46we","One Kiss (with Dua Lipa)","Dua Lipa",84,34229761,88,"Global"
"279","59nOXPmaKlBfGMDeOVGrIK","1RyvyyTE3xzB2ZywiAwp0i","WAIT FOR U (feat. Drake & Tems)","Future",89,11616010,88,"Global"
"280","59nOXPmaKlBfGMDeOVGrIK","3TVXtAsR1Inumwj472S9r4","WAIT FOR U (feat. Drake & Tems)","Drake",89,63843309,93,"Global"
"281","59nOXPmaKlBfGMDeOVGrIK","687cZJR45JO7jhk1LHIbgq","WAIT FOR U (feat. Drake & Tems)","Tems",89,508048,75,"Global"
"282","5kVZxyMY1gfdCLiChsfjn1","4q3ewBCX7sLwd24euuV69X","Yo No Soy Celoso","Bad Bunny",90,49322031,100,"Global"
"283","3uUuGVFu1V7jTQL60S1r8z","7f5Zgnp2spUuuzKplmRkt7","Where Are You Now","Lost Frequencies",91,2423131,77,"Global"
"284","3uUuGVFu1V7jTQL60S1r8z","6ydoSd3N2mwgwBHtF6K7eX","Where Are You Now","Calum Scott",91,4243743,77,"Global"
"285","0OTNHGKcqQbk51bOYe462Y","768O5GliF0bqscyghggrbE","ULTRA SOLO","Polimá Westcoast",88,193967,74,"Global"
"286","0OTNHGKcqQbk51bOYe462Y","4yxLYO2imECxGYTTV7RQKb","ULTRA SOLO","Pailita",88,265478,76,"Global"
"287","31i56LZnwE6uSu3exoHjtB","4q3ewBCX7sLwd24euuV69X","Neverita","Bad Bunny",90,49322031,100,"Global"
"288","7fYRg3CEbk6rNCuzNzMT06","7CajNmpbOovFoOoasH2HaY","Potion (with Dua Lipa & Young Thug)","Calvin Harris",84,22765589,83,"Global"
"289","7fYRg3CEbk6rNCuzNzMT06","6M2wZ9GZgrQXHCFfjv46we","Potion (with Dua Lipa & Young Thug)","Dua Lipa",84,34229761,88,"Global"
"290","7fYRg3CEbk6rNCuzNzMT06","50co4Is1HCEo8bhOyUWKpn","Potion (with Dua Lipa & Young Thug)","Young Thug",84,7253642,84,"Global"
"291","06JvOZ39sK8D8SqiqfaxDU","5K4W6rqBFWDnAN6FQUkS6x","True Love","Kanye West",85,17402556,90,"Global"
"292","06JvOZ39sK8D8SqiqfaxDU","15UsOTVnJzReFVN1VCnxy4","True Love","XXXTENTACION",85,36697696,86,"Global"
"293","2rDZhKnPaPG054ExZ6nXUS","7j6DKwmjbxvpQO8h914uEz","Jordan","Ryan Castro",90,712083,77,"Global"
"294","1797zYiX4cKosMH836X9Gt","4q3ewBCX7sLwd24euuV69X","La Corriente","Bad Bunny",89,49322031,100,"Global"
"295","1797zYiX4cKosMH836X9Gt","3LKXWvXFWrkwUzJWxzwVpW","La Corriente","Tony Dize",89,2881386,74,"Global"
"296","3i058E8uxTsYqJ5NWZzqSj","6KImCVD70vtIoJWnq6nGn3","Little Freak","Harry Styles",90,21141704,94,"Global"
"297","28GCbKgjlVD9eDmasGbe0T","4q3ewBCX7sLwd24euuV69X","Me Fui de Vacaciones","Bad Bunny",90,49322031,100,"Global"
"298","2uflssWlCaJ6CbTMOsUpNI","4q3ewBCX7sLwd24euuV69X","Aguacero","Bad Bunny",89,49322031,100,"Global"
"299","4ZtFanR9U6ndgddUvNcjcG","1McMsnEElThX1knmY4oliG","good 4 u","Olivia Rodrigo",90,17356581,85,"Global"
"300","1IHWl5LamUGEuP4ozKQSXZ","4q3ewBCX7sLwd24euuV69X","Tití Me Preguntó","Bad Bunny",95,49322031,100,"Spain"
"301","6Sq7ltF9Qa7SNFBsV5Cogx","4q3ewBCX7sLwd24euuV69X","Me Porto Bonito","Bad Bunny",96,49322031,100,"Spain"
"302","6Sq7ltF9Qa7SNFBsV5Cogx","37230BxxYs9ksS7OkZw3IU","Me Porto Bonito","Chencho Corleone",96,257803,83,"Spain"
"303","3k3NWokhRRkEPhCzPmV8TW","4q3ewBCX7sLwd24euuV69X","Ojitos Lindos","Bad Bunny",96,49322031,100,"Spain"
"304","3k3NWokhRRkEPhCzPmV8TW","5n9bMYfz9qss2VOW89EVs2","Ojitos Lindos","Bomba Estéreo",96,948516,79,"Spain"
"305","6stWVqWxtPPednHy1mzoOz","2CCgb0KApjfQDuTppovpf8","Tigini (Remix)","Rvfv",77,249750,71,"Spain"
"306","6stWVqWxtPPednHy1mzoOz","20fLTbSref8bRqtfD82pSo","Tigini (Remix)","Kikimoteleba",77,7145,62,"Spain"
"307","41oY4WCTj5kccfesTVFnvN","4q3ewBCX7sLwd24euuV69X","Tarot","Bad Bunny",92,49322031,100,"Spain"
"308","41oY4WCTj5kccfesTVFnvN","0EFisYRi20PTADoJrifHrz","Tarot","Jhay Cortez",92,4114076,84,"Spain"
"309","6Xom58OOXk2SoU711L2IXO","4q3ewBCX7sLwd24euuV69X","Moscow Mule","Bad Bunny",96,49322031,100,"Spain"
"310","2rurDawMfoKP4uHyb2kJBt","0EmeFodog0BfCgMzAIvKQp","Te Felicito","Shakira",88,23705387,82,"Spain"
"311","2rurDawMfoKP4uHyb2kJBt","1mcTU81TzQhprhouKaTkpq","Te Felicito","Rauw Alejandro",88,11781971,89,"Spain"
"312","7dSZ6zGTQx66c2GF91xCrb","790FomKkXshlbRYZFtlgla","PROVENZA","KAROL G",94,25070094,87,"Spain"
"313","6DoL1yYIwEW7VZMRaJhoJI","0qTZZWLzuD59Un5r1speHm","La Llevo Al Cielo (Ft. Ñengo Flow)","Chris Jedi",83,1852180,68,"Spain"
"314","6DoL1yYIwEW7VZMRaJhoJI","2R21vXR83lH98kGeO99Y66","La Llevo Al Cielo (Ft. Ñengo Flow)","Anuel AA",83,22044654,84,"Spain"
"315","6DoL1yYIwEW7VZMRaJhoJI","37230BxxYs9ksS7OkZw3IU","La Llevo Al Cielo (Ft. Ñengo Flow)","Chencho Corleone",83,257803,83,"Spain"
"316","6DoL1yYIwEW7VZMRaJhoJI","12vb80Km0Ew53ABfJOepVz","La Llevo Al Cielo (Ft. Ñengo Flow)","Ñengo Flow",83,3393513,78,"Spain"
"317","5Eax0qFko2dh7Rl2lYs3bx","4q3ewBCX7sLwd24euuV69X","Efecto","Bad Bunny",92,49322031,100,"Spain"
"318","3XREkzDHsWdBL5tybyCDBH","5DeX42pr2TilrnsUgjG8D1","SloMo","Chanel",80,30067,64,"Spain"
"319","0OTNHGKcqQbk51bOYe462Y","768O5GliF0bqscyghggrbE","ULTRA SOLO","Polimá Westcoast",88,193967,74,"Spain"
"320","0OTNHGKcqQbk51bOYe462Y","4yxLYO2imECxGYTTV7RQKb","ULTRA SOLO","Pailita",88,265478,76,"Spain"
"321","1dm6z1fWB0cErMszU25dy2","4q3ewBCX7sLwd24euuV69X","Después de la Playa","Bad Bunny",92,49322031,100,"Spain"
"322","0TkIQ2I48rz4kpk1XpfyHq","2CCgb0KApjfQDuTppovpf8","Mi Luz (ft. Rels B)","Rvfv",78,249750,71,"Spain"
"323","0TkIQ2I48rz4kpk1XpfyHq","2IMZYfNi21MGqxopj9fWx8","Mi Luz (ft. Rels B)","Rels B",78,3714152,78,"Spain"
"324","4tYFy8ALRjIZvnvSLw5lxN","4q3ewBCX7sLwd24euuV69X","Party","Bad Bunny",94,49322031,100,"Spain"
"325","4tYFy8ALRjIZvnvSLw5lxN","1mcTU81TzQhprhouKaTkpq","Party","Rauw Alejandro",94,11781971,89,"Spain"
"326","1O2pcBJGej0pmH2Y9XZMs6","1Yj5Xey7kTwvZla8sqdsdE","Una Noche en Medellín","Cris Mj",92,378618,79,"Spain"
"327","2rDZhKnPaPG054ExZ6nXUS","7j6DKwmjbxvpQO8h914uEz","Jordan","Ryan Castro",90,712083,77,"Spain"
"328","0hhbgieI17DtGcjGRrtDDp","0FwnPHExlRRxEZPLAi5tmG","Coronamos","JC Reyes",63,54514,64,"Spain"
"329","7FlQk2gJ6TBrHHiidvdR2O","4obzFoKoKRHIphyHzJ35G3","MAMIII","Becky G",77,11585888,81,"Spain"
"330","7FlQk2gJ6TBrHHiidvdR2O","790FomKkXshlbRYZFtlgla","MAMIII","KAROL G",77,25070094,87,"Spain"
"331","6mmPpaltUZK7xjNlBPQQ0p","1mcTU81TzQhprhouKaTkpq","Desesperados","Rauw Alejandro",85,11781971,89,"Spain"
"332","6mmPpaltUZK7xjNlBPQQ0p","37230BxxYs9ksS7OkZw3IU","Desesperados","Chencho Corleone",85,257803,83,"Spain"
"333","0Bv7O6fmZk3GrNQFYJaXPn","0IEzMvarfVycBJAXjjEZOL","Cayó La Noche (feat. Cruz Cafuné, Abhir Hathi, Bejo, EL IMA) [Remix]","La Pantera",84,11285,69,"Spain"
"334","0Bv7O6fmZk3GrNQFYJaXPn","52iwsT98xCoGgiGntTiR7K","Cayó La Noche (feat. Cruz Cafuné, Abhir Hathi, Bejo, EL IMA) [Remix]","Quevedo",84,167579,77,"Spain"
"335","0Bv7O6fmZk3GrNQFYJaXPn","5kgDdP7a4TsvkF08gpJGX0","Cayó La Noche (feat. Cruz Cafuné, Abhir Hathi, Bejo, EL IMA) [Remix]","Juseph",84,4651,69,"Spain"
"336","0Bv7O6fmZk3GrNQFYJaXPn","2D8UzkIVdg1bj0Iqz6gjk0","Cayó La Noche (feat. Cruz Cafuné, Abhir Hathi, Bejo, EL IMA) [Remix]","Abhir Hathi",84,11871,66,"Spain"
"337","0Bv7O6fmZk3GrNQFYJaXPn","0adJG3bdFTHCkTY28NkY4u","Cayó La Noche (feat. Cruz Cafuné, Abhir Hathi, Bejo, EL IMA) [Remix]","Bejo",84,217433,67,"Spain"
"338","0Bv7O6fmZk3GrNQFYJaXPn","0jeYkqwckGJoHQhhXwgzk3","Cayó La Noche (feat. Cruz Cafuné, Abhir Hathi, Bejo, EL IMA) [Remix]","Cruz Cafuné",84,202111,68,"Spain"
"339","0Bv7O6fmZk3GrNQFYJaXPn","00vsUIEaNHw6qoQnh8DQM2","Cayó La Noche (feat. Cruz Cafuné, Abhir Hathi, Bejo, EL IMA) [Remix]","EL IMA",84,2799,66,"Spain"
"340","6ylDpki1VpIsc525KC1ojF","07YUOmWljBTXwIseAUd9TW","Tacones Rojos","Sebastian Yatra",77,19148309,80,"Spain"
"341","4srcMdbm2qzVG98tJajHxp","50sIhX3HytFEwQXZJLUZQE","Pantysito","Alejo",86,19133,70,"Spain"
"342","4srcMdbm2qzVG98tJajHxp","2LRoIwlKmHjgvigdNGBHNo","Pantysito","Feid",86,1419299,81,"Spain"
"343","4srcMdbm2qzVG98tJajHxp","6ISKc7ev3V4EGnEagkXexc","Pantysito","ROBI",86,13984,68,"Spain"
"344","6HXvazdtAr9hy0kThzxrE3","5iDqEobZRSTiBSAk6jLp4A","Numero 1","Oscu",82,415689,66,"Spain"
"345","6HXvazdtAr9hy0kThzxrE3","3TKS1JzWOLAnicuOCOyVlW","Numero 1","Nobeat",82,9307,64,"Spain"
"346","4FjkjrvfbB3C4eUqWlw3vB","2CCgb0KApjfQDuTppovpf8","Mami","Rvfv",75,249750,71,"Spain"
"347","4FjkjrvfbB3C4eUqWlw3vB","2f6TzIGIIxEuwp6o7kEbhy","Mami","Pablo Mas",75,797,60,"Spain"
"348","04d4GpLedinwpfctvgOIhY","52iwsT98xCoGgiGntTiR7K","Piel de Cordero","Quevedo",77,167579,77,"Spain"
"349","04d4GpLedinwpfctvgOIhY","0IEzMvarfVycBJAXjjEZOL","Piel de Cordero","La Pantera",77,11285,69,"Spain"
"350","5CzixCxDkRXX9mScCmah8O","4q3ewBCX7sLwd24euuV69X","Un Ratito","Bad Bunny",91,49322031,100,"Spain"
"351","28GCbKgjlVD9eDmasGbe0T","4q3ewBCX7sLwd24euuV69X","Me Fui de Vacaciones","Bad Bunny",90,49322031,100,"Spain"
"352","63ZedTAVRCICh2CNLWnsPZ","22dFwJoRBV51ue5TGnC7Dt","Sigue","Beny Jr",77,402525,71,"Spain"
"353","63ZedTAVRCICh2CNLWnsPZ","4az97MtWmBQ5Db3GfDh9j9","Sigue","Morad",77,1018161,74,"Spain"
"354","63ZedTAVRCICh2CNLWnsPZ","1enXMVomlMi88CZFYL1m2f","Sigue","K y B",77,3532,63,"Spain"
"355","31i56LZnwE6uSu3exoHjtB","4q3ewBCX7sLwd24euuV69X","Neverita","Bad Bunny",90,49322031,100,"Spain"
"356","2Gq636OOGgxCTqEuzCZhsa","716NhGYqD1jl2wI1Qkgq36","Tiago PZK: Bzrp Music Sessions, Vol. 48","Bizarrap",84,5502067,80,"Spain"
"357","2Gq636OOGgxCTqEuzCZhsa","5Y3MV9DZ0d87NnVm56qSY1","Tiago PZK: Bzrp Music Sessions, Vol. 48","Tiago PZK",84,1909417,77,"Spain"
"358","5R2hNuiiwnKVAUNktF9j2Y","7dL0nOHwnSAsNAwpkPSGWP","mariposas","sangiovanni",62,673853,65,"Spain"
"359","5R2hNuiiwnKVAUNktF9j2Y","7eLcDZDYHXZCebtQmVFL25","mariposas","Aitana",62,2033866,75,"Spain"
"360","4Dvkj6JhhA12EX05fT7y2e","6KImCVD70vtIoJWnq6nGn3","As It Was","Harry Styles",91,21141704,94,"Spain"
"361","6bQ5823aHmFVKLZW8E7rRo","1bAftSH8umNcGZ0uyV7LMg","Si Quieren Frontear","Duki",85,6018384,82,"Spain"
"362","6bQ5823aHmFVKLZW8E7rRo","3EiLUeyEcA6fbRPSHkG5kb","Si Quieren Frontear","De La Ghetto",85,5914326,78,"Spain"
"363","6bQ5823aHmFVKLZW8E7rRo","52iwsT98xCoGgiGntTiR7K","Si Quieren Frontear","Quevedo",85,167579,77,"Spain"
"364","5kVZxyMY1gfdCLiChsfjn1","4q3ewBCX7sLwd24euuV69X","Yo No Soy Celoso","Bad Bunny",90,49322031,100,"Spain"
"365","5TMLavqGRKNxgzMBrVpC9R","7c53ZFyajVMTo08HmvoB6b","Mon Amour - Remix","zzoilo",85,59798,68,"Spain"
"366","5TMLavqGRKNxgzMBrVpC9R","7eLcDZDYHXZCebtQmVFL25","Mon Amour - Remix","Aitana",85,2033866,75,"Spain"
"367","2NMjggapJcXXM7WccGEBUO","4q3ewBCX7sLwd24euuV69X","Enséñame a Bailar","Bad Bunny",88,49322031,100,"Spain"
"368","2uky0VCI2EZni0nArOPznM","716NhGYqD1jl2wI1Qkgq36","Paulo Londra: Bzrp Music Sessions, Vol. 23","Bizarrap",86,5502067,80,"Spain"
"369","2uky0VCI2EZni0nArOPznM","3vQ0GE3mI0dAaxIMYe5g7z","Paulo Londra: Bzrp Music Sessions, Vol. 23","Paulo Londra",86,16791078,80,"Spain"
"370","3ehHqgYRzmeUi345MfHS2N","5C4PDR4LnhZTbVnKWXuDKD","París","Morat",81,5860539,81,"Spain"
"371","3ehHqgYRzmeUi345MfHS2N","1bAftSH8umNcGZ0uyV7LMg","París","Duki",81,6018384,82,"Spain"
"372","2hLXUbsOU9cDb9RFva9FYr","0Q8NcsJwoCbZOHHW63su5S","MEMORIAS","Mora",78,466764,79,"Spain"
"373","2hLXUbsOU9cDb9RFva9FYr","0EFisYRi20PTADoJrifHrz","MEMORIAS","Jhay Cortez",78,4114076,84,"Spain"
"374","1797zYiX4cKosMH836X9Gt","4q3ewBCX7sLwd24euuV69X","La Corriente","Bad Bunny",89,49322031,100,"Spain"
"375","1797zYiX4cKosMH836X9Gt","3LKXWvXFWrkwUzJWxzwVpW","La Corriente","Tony Dize",89,2881386,74,"Spain"
"376","6t48UVZvQWh5wWfWlCZfzY","4F4pp8NUW08JuXwnoxglpN","La Prendo","Bad Gyal",67,715785,67,"Spain"
"377","3XjN0mvFkQp1FMVM9Ro5hm","4VMYDCV2IEDYJArk749S6m","RUMBATÓN","Daddy Yankee",83,27724769,87,"Spain"
"378","1UdzJEpgJxtuXAlCOvD4S0","5H1nN1SzW0qNeUEZvuXjAj","Fuera del mercado","Danny Ocean",89,4046264,78,"Spain"
"379","3nfICwo20uiFdEGzgNUSrG","7eLcDZDYHXZCebtQmVFL25","Formentera","Aitana",77,2033866,75,"Spain"
"380","3nfICwo20uiFdEGzgNUSrG","2UZIAOlrnyZmyzt1nuXr9y","Formentera","Nicki Nicole",77,2878965,77,"Spain"
"381","30W8VKHrAZmHzObnwAoc1u","0Q8NcsJwoCbZOHHW63su5S","TUS LÁGRIMAS","Mora",85,466764,79,"Spain"
"382","30W8VKHrAZmHzObnwAoc1u","77ziqFxp5gaInVrF2lj4ht","TUS LÁGRIMAS","Sech",85,10742928,83,"Spain"
"383","7ILwxghUppFKHnAJ5ziB8X","5kgDdP7a4TsvkF08gpJGX0","Yatekomo","Juseph",72,4651,69,"Spain"
"384","7ILwxghUppFKHnAJ5ziB8X","52iwsT98xCoGgiGntTiR7K","Yatekomo","Quevedo",72,167579,77,"Spain"
"385","667CH2wRxXnQOfPD1NrlLJ","52iwsT98xCoGgiGntTiR7K","Chamaquita","Quevedo",75,167579,77,"Spain"
"386","667CH2wRxXnQOfPD1NrlLJ","5kgDdP7a4TsvkF08gpJGX0","Chamaquita","Juseph",75,4651,69,"Spain"
"387","18HOjcvTVV7W8YzBuOsAPS","4q3ewBCX7sLwd24euuV69X","Un Verano Sin Ti","Bad Bunny",88,49322031,100,"Spain"
"388","75FEaRjZTKLhTrFGsfMUXR","1aSxMhuvixZ8h9dK9jIDwL","Running Up That Hill (A Deal With God)","Kate Bush",87,1014154,75,"Spain"
"389","6hFwju6M40CKovKBPu5IpY","4m5LghDfOKFZNEBZ0GO1OQ","ACORDA PEDRINHO","Jovem Dionisio",74,126850,69,"Portugual"
"390","5zNxUkUW9WiV5oyg6gh2wB","5wbf52LA6kcaboHSN6NEF1","DANÇARINA","PEDRO SAMPAIO",84,1613374,72,"Portugual"
"391","5zNxUkUW9WiV5oyg6gh2wB","1etNnR2SdlelBQAICa2Q5m","DANÇARINA","Mc Pedrinho",84,3630127,71,"Portugual"
"392","4Dvkj6JhhA12EX05fT7y2e","6KImCVD70vtIoJWnq6nGn3","As It Was","Harry Styles",91,21141704,94,"Portugual"
"393","7qD2vjd3btuOgwpQPEY7ci","7Lmrb6KcIzfkmgbtokjsAL","EU VOU COM CARINHO ELA QUER COM FORÇA","Mc Don Juan",77,4495730,74,"Portugual"
"394","7qD2vjd3btuOgwpQPEY7ci","3Nipsl6GVwwGyeAk0J29C6","EU VOU COM CARINHO ELA QUER COM FORÇA","MC G15",77,3626671,66,"Portugual"
"395","7qD2vjd3btuOgwpQPEY7ci","1cYhx7ZOhYoVmnDPb9KMwo","EU VOU COM CARINHO ELA QUER COM FORÇA","Mc Davi",77,3241635,70,"Portugual"
"396","75FEaRjZTKLhTrFGsfMUXR","1aSxMhuvixZ8h9dK9jIDwL","Running Up That Hill (A Deal With God)","Kate Bush",87,1014154,75,"Portugual"
"397","4NJKCE1TBC653P3dCnto0u","5RmXJq0g7MNmgtxXLGbd6K","Simplesmente Ela","Mc Gabzin",80,28066,66,"Portugual"
"398","4a0sqvCBo7aRIS4GzBQpnp","7htxZTR76qcXYJylEmkLiJ","Kikando e Me Olhando","MC Braz",81,81282,67,"Portugual"
"399","4a0sqvCBo7aRIS4GzBQpnp","7ujbuq6hAjLSf7cGr6au0b","Kikando e Me Olhando","MC Tairon",81,18188,64,"Portugual"
"400","4a0sqvCBo7aRIS4GzBQpnp","04NtfTeul9H9B41tPvF3MG","Kikando e Me Olhando","Dj Win",81,2726,63,"Portugual"
"401","75fCsUnTiDelE4HMd06t4O","3THyxXDkvAVvmfZKP3Fq7G","Gostosinho Tu Cai","Mc Pepeu",79,35635,64,"Portugual"
"402","75fCsUnTiDelE4HMd06t4O","3JrsRa8z1Pngkkf4pDrokD","Gostosinho Tu Cai","DJ Swat",79,7666,65,"Portugual"
"403","7BELSQR2lAJLELaKvVkct3","1pPbDeOdNUcLq32HTTLbZm","Lua","Ivandro",62,19281,50,"Portugual"
"404","0NBgyml7T0IvUNbXIkcSpH","5YwzDz4RJfTiMHS4tdR5Lf","Malvadão 3","Xamã",82,1675605,73,"Portugual"
"405","0NBgyml7T0IvUNbXIkcSpH","0nzfP49X2nrzmmkwZf180L","Malvadão 3","Gustah",82,2021,65,"Portugual"
"406","0NBgyml7T0IvUNbXIkcSpH","6PERJZF7wohA034PAxDK0b","Malvadão 3","Neo Beats",82,81250,71,"Portugual"
"407","3q3EBdrTrlF4PmJQTZ17ie","6PIIKavZx20FlVKyIvb4Um","Onde Anda","Calema",61,368682,56,"Portugual"
"408","3q3EBdrTrlF4PmJQTZ17ie","7cmuxPnXRJxwuYDHfbD8Eu","Onde Anda","Zé Felipe",61,3143846,72,"Portugual"
"409","2DB4DdfCFMw1iaR6JaR03a","4nDoRrQiYLoBzwC5BhVJzF","Bam Bam (feat. Ed Sheeran)","Camila Cabello",83,26868942,83,"Portugual"
"410","2DB4DdfCFMw1iaR6JaR03a","6eUKZXaKkcviH0Ku9w2n3V","Bam Bam (feat. Ed Sheeran)","Ed Sheeran",83,97986998,91,"Portugual"
"411","5bBQI31u2eqXJE5OyP4hxq","0QoKkMC6uy7fUng96fab1I","EUROPA","Mizzy Miles",50,2259,38,"Portugual"
"412","5bBQI31u2eqXJE5OyP4hxq","7BWNRZyZ9mhgp5t0m7Ny0n","EUROPA","Deejay Telio",50,174384,51,"Portugual"
"413","5bBQI31u2eqXJE5OyP4hxq","68YeXpLt3jB7JHQS5ZjMGo","EUROPA","Teto",50,1311011,74,"Portugual"
"414","5bBQI31u2eqXJE5OyP4hxq","6XjHGcba7ZbaZ6nYtwhaCj","EUROPA","Gson",50,18630,43,"Portugual"
"415","4SIBZgMomGFnrIWjmq7Np8","0JjPiLQNgAFaEkwoy56B1C","Desenrola Bate Joga de Ladin (feat. DJ Biel do Furduncinho)","L7NNON",81,1675626,75,"Portugual"
"416","4SIBZgMomGFnrIWjmq7Np8","6f6ccYxDNgsPCMemKceSY4","Desenrola Bate Joga de Ladin (feat. DJ Biel do Furduncinho)","Os Hawaianos",81,140717,63,"Portugual"
"417","4SIBZgMomGFnrIWjmq7Np8","6cBgK7jLKrcynjD5E6mKNu","Desenrola Bate Joga de Ladin (feat. DJ Biel do Furduncinho)","DJ Bel da CDD",81,325,63,"Portugual"
"418","4SIBZgMomGFnrIWjmq7Np8","6Us5Zsn5MAHBk7SHBUsG5X","Desenrola Bate Joga de Ladin (feat. DJ Biel do Furduncinho)","DJ Biel do Furduncinho",81,2291,65,"Portugual"
"419","6bTdZ7xfKp3NqqADJ8HLyj","5nP8x4uEFjAAmDzwOEc9b8","Vampiro","Matuê",84,5122165,75,"Portugual"
"420","6bTdZ7xfKp3NqqADJ8HLyj","3MrDVzg7ZXaYMyQmbDInr7","Vampiro","WIU",84,148452,67,"Portugual"
"421","6bTdZ7xfKp3NqqADJ8HLyj","68YeXpLt3jB7JHQS5ZjMGo","Vampiro","Teto",84,1311011,74,"Portugual"
"422","5TMLavqGRKNxgzMBrVpC9R","7c53ZFyajVMTo08HmvoB6b","Mon Amour - Remix","zzoilo",85,59798,68,"Portugual"
"423","5TMLavqGRKNxgzMBrVpC9R","7eLcDZDYHXZCebtQmVFL25","Mon Amour - Remix","Aitana",85,2033866,75,"Portugual"
"424","3gK5ckT0cq3t5enyqzzRgV","5wbf52LA6kcaboHSN6NEF1","GALOPA","PEDRO SAMPAIO",67,1613374,72,"Portugual"
"425","7afaZ37wJJL6880z1NRgJS","68YeXpLt3jB7JHQS5ZjMGo","Fim de Semana no Rio","Teto",82,1311011,74,"Portugual"
"426","4PQdrXMDHDPl1RczrrlADd","3qvcCP2J0fWi0m0uQDUf6r","MORENA","Luan Santana",72,6131408,75,"Portugual"
"427","3sd2p4kE7xQmFH3lPnFl6h","6rygauyIMQJrXRC4e5rQJP","sentaDONA (Remix) s2","Davi Kneip",83,22796,68,"Portugual"
"428","3sd2p4kE7xQmFH3lPnFl6h","5xKesKsXI1jv2TorLOnbbm","sentaDONA (Remix) s2","Mc Frog",83,88865,69,"Portugual"
"429","3sd2p4kE7xQmFH3lPnFl6h","6HJiLhKqnOh32p3LSNWsR3","sentaDONA (Remix) s2","Dj Gabriel do Borel",83,378933,68,"Portugual"
"430","3sd2p4kE7xQmFH3lPnFl6h","4PzYKhC14sTJNEr0dzoo0d","sentaDONA (Remix) s2","Luísa Sonza",83,3125970,73,"Portugual"
"431","6JIC3hbC28JZKZ8AlAqX8h","3PhoLpVuITZKcymswpck5b","Cold Heart - PNAU Remix","Elton John",84,9404704,82,"Portugual"
"432","6JIC3hbC28JZKZ8AlAqX8h","6M2wZ9GZgrQXHCFfjv46we","Cold Heart - PNAU Remix","Dua Lipa",84,34229761,88,"Portugual"
"433","6JIC3hbC28JZKZ8AlAqX8h","6n28c9qs9hNGriNa72b26u","Cold Heart - PNAU Remix","PNAU",84,184406,75,"Portugual"
"434","3FkeNbs9Zeiqkr3WkbOiGp","7FNnA9vBm6EKceENgCGRMb","Envolver","Anitta",79,11718350,80,"Portugual"
"435","1qEmFfgcLObUfQm0j1W2CK","6KImCVD70vtIoJWnq6nGn3","Late Night Talking","Harry Styles",93,21141704,94,"Portugual"
"436","0E0OENqh3jaZ4VpDFTOLGj","3l4fsEzoeabsET7ddv0lZW","EU BEM QUE TE AVISEI - TU EMPINOU ELE PEI","Mc Delux",73,27555,68,"Portugual"
"437","0E0OENqh3jaZ4VpDFTOLGj","5g1Ojx0MsvmNEjnVKGmHVw","EU BEM QUE TE AVISEI - TU EMPINOU ELE PEI","DJ ABDO",73,738,61,"Portugual"
"438","4aoZBldNDVYmTwmeoI49ud","5RmXJq0g7MNmgtxXLGbd6K","O Poder Dessa Garota","Mc Gabzin",70,28066,66,"Portugual"
"439","4aoZBldNDVYmTwmeoI49ud","4U3o74Io4hwQPsm6iIj4fu","O Poder Dessa Garota","DJ TAK VADIÃO",70,6953,55,"Portugual"
"440","4aoZBldNDVYmTwmeoI49ud","7u9115faVQY8xNrCXqY0zx","O Poder Dessa Garota","dj sv",70,46,53,"Portugual"
"441","02MWAaffLxlfxAUY7c5dvx","4yvcSjfu4PC0CYQyLy4wSq","Heat Waves","Glass Animals",90,2909250,80,"Portugual"
"442","3ShKPhFkexrwl7WoyTtNND","5JbQpbeFaKfuZVFzKwaawP","Tchuco Nela","MC Rogerinho",82,450296,69,"Portugual"
"443","3ShKPhFkexrwl7WoyTtNND","1AL2GKpmRrKXkYIcASuRFa","Tchuco Nela","Wesley Safadão",82,10855086,74,"Portugual"
"444","7gVzhRCrLRUBEGdS7zNTp0","7cmuxPnXRJxwuYDHfbD8Eu","Malvada","Zé Felipe",81,3143846,72,"Portugual"
"445","71fwkaKdNrxiZZbkzSqmFJ","7FNnA9vBm6EKceENgCGRMb","Que Rabão (feat. Mr. Catra)","Anitta",79,11718350,80,"Portugual"
"446","71fwkaKdNrxiZZbkzSqmFJ","0A0FS04o6zMoto8OKPsDwY","Que Rabão (feat. Mr. Catra)","YG",79,2852877,75,"Portugual"
"447","71fwkaKdNrxiZZbkzSqmFJ","0iZz25uH5PLaShpqq84uYv","Que Rabão (feat. Mr. Catra)","Papatinho",79,358117,66,"Portugual"
"448","71fwkaKdNrxiZZbkzSqmFJ","2UMj7NCbuqy1yUZmiSYGjJ","Que Rabão (feat. Mr. Catra)","MC Kevin o Chris",79,2882746,68,"Portugual"
"449","71fwkaKdNrxiZZbkzSqmFJ","1mXaaMbQM3IYuhNWaZdFuE","Que Rabão (feat. Mr. Catra)","Mr. Catra",79,237634,61,"Portugual"
"450","7ARoqP7G8UYW8SyYPyPp7k","7FNnA9vBm6EKceENgCGRMb","NO CHÃO NOVINHA","Anitta",74,11718350,80,"Portugual"
"451","7ARoqP7G8UYW8SyYPyPp7k","5wbf52LA6kcaboHSN6NEF1","NO CHÃO NOVINHA","PEDRO SAMPAIO",74,1613374,72,"Portugual"
"452","3QGxgNaqaFSpORp2OVLXHR","68PYmgkbRP1qZnEWOry7sB","212","Chefin",79,226713,67,"Portugual"
"453","3QGxgNaqaFSpORp2OVLXHR","25XJqeReVV38w0tR04GGBd","212","Mainstreet",79,171131,75,"Portugual"
"454","3uUuGVFu1V7jTQL60S1r8z","7f5Zgnp2spUuuzKplmRkt7","Where Are You Now","Lost Frequencies",91,2423131,77,"Portugual"
"455","3uUuGVFu1V7jTQL60S1r8z","6ydoSd3N2mwgwBHtF6K7eX","Where Are You Now","Calum Scott",91,4243743,77,"Portugual"
"456","53RxHysDJ0cjugMcPymwja","3qvcCP2J0fWi0m0uQDUf6r","ABALO EMOCIONAL - Ao Vivo","Luan Santana",82,6131408,75,"Portugual"
"457","2B4GHvToeLTOBB4QLzW3Ni","329e4yvIujISKGKz1BZZbO","Pepas","Farruko",78,13120926,84,"Portugual"
"458","7ef4DlsgrMEH11cDZd32M6","7CajNmpbOovFoOoasH2HaY","One Kiss (with Dua Lipa)","Calvin Harris",84,22765589,83,"Portugual"
"459","7ef4DlsgrMEH11cDZd32M6","6M2wZ9GZgrQXHCFfjv46we","One Kiss (with Dua Lipa)","Dua Lipa",84,34229761,88,"Portugual"
"460","5Z4TYur0O9OxmxIo6GC2Gq","27azwwkxutWL1BWMkgNIh0","Oi, Como Ce Tá?","Vulgo FK",77,69159,67,"Portugual"
"461","5Z4TYur0O9OxmxIo6GC2Gq","6OAAuXhPzzofYSaiIGHasL","Oi, Como Ce Tá?","Elenko Music",77,685,63,"Portugual"
"462","5Z4TYur0O9OxmxIo6GC2Gq","6nZ39vMOOOgXQ471Jy5jhR","Oi, Como Ce Tá?","WEY",77,994,62,"Portugual"
"463","5Z4TYur0O9OxmxIo6GC2Gq","5wEgjH2s4SAiffRmzkBqHB","Oi, Como Ce Tá?","Wall Hein",77,627,62,"Portugual"
"464","58HvfVOeJY7lUuCqF0m3ly","67MNhiAICFY6Pwc2YxCO0K","MIDDLE OF THE NIGHT","Elley Duhé",92,251448,75,"Portugual"
"465","0tu5F0rmLZYIdUMEvfRXAo","5N3YDBGT2gUzXgLDTwPRi5","Juramento eterno de sal","Álvaro De Luna",58,50793,61,"Portugual"
"466","1PckUlxKqWQs3RlWXVBLw3","56oDRnqbIiwx4mymNEv7dS","About Damn Time","Lizzo",93,4672279,80,"Portugual"
"467","6Uj1ctrBOjOas8xZXGqKk4","5cj0lLjcoR7YOSnhnX0Po5","Woman","Doja Cat",91,19248569,88,"Portugual"
"468","0O6u0VJ46W86TxN9wgyqDj","246dkjvS1zLTtiykXe5h60","I Like You (A Happier Song) (with Doja Cat)","Post Malone",79,37070325,88,"Portugual"
"469","0O6u0VJ46W86TxN9wgyqDj","5cj0lLjcoR7YOSnhnX0Po5","I Like You (A Happier Song) (with Doja Cat)","Doja Cat",79,19248569,88,"Portugual"
"470","6uvh0In7u1Xn4HgxOfAn8O","6KImCVD70vtIoJWnq6nGn3","Matilda","Harry Styles",91,21141704,94,"Portugual"
"471","2sWWu68ZmobaPdwPsC4RXs","7s8i1tsCjtErKt7d1jn0js","EU JÁ SOFRI POR AMOR MAS NÃO SOFRO MAIS","130 BPM",72,1658,55,"Portugual"
"472","2sWWu68ZmobaPdwPsC4RXs","2SDKb8y7KxJ6aMLQ2thraY","EU JÁ SOFRI POR AMOR MAS NÃO SOFRO MAIS","130 BPN",72,59,54,"Portugual"
"473","2sWWu68ZmobaPdwPsC4RXs","3rsAVfmh0I2umrMmMgP4Yt","EU JÁ SOFRI POR AMOR MAS NÃO SOFRO MAIS","HIT CARIOCA",72,407,54,"Portugual"
"474","5PjdY0CKGZdEuoNab3yDmX","2tIP7SsRs7vjIcLrU85W8J","STAY (with Justin Bieber)","The Kid LAROI",87,3740595,83,"Portugual"
"475","5PjdY0CKGZdEuoNab3yDmX","1uNFoZAHBGtllmzznpCI3s","STAY (with Justin Bieber)","Justin Bieber",87,61412393,91,"Portugual"
"476","0wHFktze2PHC5jDt3B17DC","2LIk90788K0zvyj2JJVwkJ","First Class","Jack Harlow",84,2186989,87,"Portugual"
"477","1HhNoOuqm1a5MXYEgAFl8o","53XhwfbYqKCa1cC15pYq2q","Enemy (with JID) - from the series Arcane League of Legends","Imagine Dragons",83,40384155,86,"Portugual"
"478","1HhNoOuqm1a5MXYEgAFl8o","6U3ybJ9UHNKEdsH7ktGBZ7","Enemy (with JID) - from the series Arcane League of Legends","JID",83,878019,78,"Portugual"
"479","1HhNoOuqm1a5MXYEgAFl8o","57nPqD7z62gDdq37US9XJR","Enemy (with JID) - from the series Arcane League of Legends","Arcane",83,126400,76,"Portugual"
"480","1HhNoOuqm1a5MXYEgAFl8o","47mIJdHORyRerp4os813jD","Enemy (with JID) - from the series Arcane League of Legends","League of Legends",83,1427265,80,"Portugual"
"481","6EDj1nbl9wo6ivGI1t59G4","59FrDXDVJz0EKqYg39dnT2","Idiota","Jão",75,1580028,69,"Portugual"
"482","32vE1nuG8T9c8bhmZdRY6d","246dkjvS1zLTtiykXe5h60","Cooped Up (with Roddy Ricch)","Post Malone",73,37070325,88,"Portugual"
"483","32vE1nuG8T9c8bhmZdRY6d","757aE44tKEUQEqRuT6GnEB","Cooped Up (with Roddy Ricch)","Roddy Ricch",73,7977807,80,"Portugual"
"484","50nfwKoDiSYg8zOCREWAm5","6eUKZXaKkcviH0Ku9w2n3V","Shivers","Ed Sheeran",90,97986998,91,"Portugual"
"485","5Z9KJZvQzH6PFmb8SNkxuk","7jVv8c5Fj3E9VhNjxT4snq","INDUSTRY BABY (feat. Jack Harlow)","Lil Nas X",85,11052462,82,"Portugual"
"486","5Z9KJZvQzH6PFmb8SNkxuk","2LIk90788K0zvyj2JJVwkJ","INDUSTRY BABY (feat. Jack Harlow)","Jack Harlow",85,2186989,87,"Portugual"
"487","4IfrM44LofE9bSs6TDZS49","0B1ce3uNrzkdm76NXI4mhX","W / X / Y","Tani Yuuki",74,95204,62,"Japan"
"488","60ReNXcPcsVFd7nUuQw5HZ","5Vo1hnCRmCM6M4thZCInCj","ミックスナッツ","Official HIGE DANdism",75,4534647,71,"Japan"
"489","1Vqs0lXeJafYZz2sxnfB3V","4WqXqPmUuenMIr4QaFrZXN","シンデレラボーイ","Saucy Dog",75,432431,66,"Japan"
"490","4JK1kDUdH9RTBQrrSO1QfR","0ixzjrK1wkN2zWBXt3VW3W","ベテルギウス","Yuuri",72,1076359,68,"Japan"
"491","2uMNMcjjUz8oNIxjIu20qE","7HwzlRPa9Ad0I8rK0FPzzK","Habit","SEKAI NO OWARI",73,1591702,63,"Japan"
"492","5W7Y92LB4jWvu9NeEQ0GZl","1t17z3vfuc82cxSDMrvryJ","なんでもないよ、","Macaroni Empitsu",71,638479,64,"Japan"
"493","4kPlQKwtPrnqLgrmmKFSlA","0ixzjrK1wkN2zWBXt3VW3W","ドライフラワー","Yuuri",70,1076359,68,"Japan"
"494","5m1i6hq7dmRlp3c1utE48L","6rs1KAoQnFalSqSU4LTh8g","水平線","back number",73,3030871,66,"Japan"
"495","5SuOikwiRyPMVoIQDJUgSV","1S2S00lgLYLGHWA44qGEUs","Comedy","Gen Hoshino",76,1279718,66,"Japan"
"496","3sFdaHo9D3hfiFt2wVi6a5","1snhtMLeb2DYoMOcVbb8iB","M八七","Kenshi Yonezu",71,3850558,68,"Japan"
"497","0J0P8iSE6l3pYHbUdNFYdS","6wxfx1yhyqjCPYwwxJktR2","カメレオン","King Gnu",74,2228063,69,"Japan"
"498","1VHL1PIkhDwWbFc65xHwOr","0jWCX6zp4RjWrmZRxJ2uri","愛とか恋とか","Novelbright",62,341553,60,"Japan"
"499","0rPrGZTtScNSRL2jZoooKO","4wCW8kZ8LL7QIdcE8EOKPP","Bye-Good-Bye","BE:FIRST",71,116219,61,"Japan"
"500","2IL2asrtx7XM1y8fu2RMnR","71UIOLnsacxQHlU55TvfiH","CITRUS","Da-iCE",72,227617,59,"Japan"
"501","19mjCzLuMHZ0Tyn3eI85bo","0ixzjrK1wkN2zWBXt3VW3W","シャッター","Yuuri",70,1076359,68,"Japan"
"502","51oc6MEsXTpnPn6GOw5VuP","6bDWAcdtVR3WHz2xtiIPUi","きらり","Fujii Kaze",69,644208,64,"Japan"
"503","5QDLhrAOJJdNAmCTJ8xMyW","3Nrfpe0tUJi4K4DXYWgMUX","Dynamite","BTS",85,50272154,90,"Japan"
"504","5PeXak0Ox3JmH2oor0qnGt","2IUl3m1H1EQ7QfNbNWvgru","恋風邪にのせて","Vaundy",72,831640,69,"Japan"
"505","7v8wKvNQQIxkugCFFjrkaO","0bAsR2unSRpn6BQPEnNlZm","残響散歌","Aimer",78,1872745,68,"Japan"
"506","1mWdTewIgB3gtBM3TOSFhB","3Nrfpe0tUJi4K4DXYWgMUX","Butter","BTS",86,50272154,90,"Japan"
"507","1zd35Y44Blc1CwwVbW3Qnk","64tJ2EAv1R6UaZqc4iOCyj","群青","YOASOBI",73,3844098,73,"Japan"
"508","3XYRV7ZSHqIRDG87DKTtry","3Nrfpe0tUJi4K4DXYWgMUX","Permission to Dance","BTS",82,50272154,90,"Japan"
"509","1sIIlVrnPhrvmTrHtzM7tV","4QvgGvpgzgyUOo8Yp8LDm9","点描の唄","Mrs. GREEN APPLE",71,2037360,66,"Japan"
"510","1sIIlVrnPhrvmTrHtzM7tV","71hQB5jxdNiHk5gzZRhicQ","点描の唄","Sonoko Inoue",71,201439,55,"Japan"
"511","0XZyF9lv6diMt4bxThOL0h","7jGn8qhLb48n7yMMNfAoHv","勿忘","Awesome City Club",70,211352,56,"Japan"
"512","6ZiEWet0uFRwWBCEKCQ8rY","6wxfx1yhyqjCPYwwxJktR2","逆夢","King Gnu",74,2228063,69,"Japan"
"513","6MCjmGYlw6mQVWRFVgBRvB","64tJ2EAv1R6UaZqc4iOCyj","夜に駆ける","YOASOBI",74,3844098,73,"Japan"
"514","0Q5VnK2DYzRyfqQRJuUtvi","6RHTUrRF63xao58xh9FXYJ","LOVE DIVE","IVE",85,668639,71,"Japan"
"515","3PK5ERLCyMuQ5Cb89GbZVL","3BjFX1nExMNHvSaoLd1I1k","魔法の絨毯","Takaya Kawasaki",71,220991,57,"Japan"
"516","7ncPjJBktLEOpstY5JOUMK","6wxfx1yhyqjCPYwwxJktR2","一途","King Gnu",74,2228063,69,"Japan"
"517","6IO5nn84TKArsi3cjpIqaD","4SJ7qRgJYNXB9Yttzs4aSa","Mela!","Ryokuoushoku Shakai",71,481223,61,"Japan"
"518","296nXCOv97WJNRWzIBQnoj","4SpbR6yFEvexJuaBpgAU5p","FEARLESS","LE SSERAFIM",84,252438,68,"Japan"
"519","6qn31XzTa6YKXs5FZpAPgP","3QWnDVzCzffmWoYCAGNajE","常緑","Chippoke Ohashi",69,22016,54,"Japan"
"520","6tkSMR8bEIfEcJn7ybJtSP","4vN78fN1iEh83Pgaesw2jU","YOKAZE","HENTAI SHINSHI CLUB",69,258169,59,"Japan"
"521","5PjdY0CKGZdEuoNab3yDmX","2tIP7SsRs7vjIcLrU85W8J","STAY (with Justin Bieber)","The Kid LAROI",87,3740595,83,"Japan"
"522","5PjdY0CKGZdEuoNab3yDmX","1uNFoZAHBGtllmzznpCI3s","STAY (with Justin Bieber)","Justin Bieber",87,61412393,91,"Japan"
"523","6wDntdm888mDo458RaYjGl","5Vo1hnCRmCM6M4thZCInCj","Cry Baby","Official HIGE DANdism",68,4534647,71,"Japan"
"524","6cvKfEw8rDcmXBslqSEC9G","5kVZa4lFUmAQlBogl1fkd6","ハート","Aimyon",70,3815127,66,"Japan"
"525","6uhIF5J5Txaie0is2nXdxU","64tJ2EAv1R6UaZqc4iOCyj","怪物","YOASOBI",67,3844098,73,"Japan"
"526","4xk70Qur2QeRmWIzWPC63V","2IUl3m1H1EQ7QfNbNWvgru","踊り子","Vaundy",73,831640,69,"Japan"
"527","0UBUg8NU4XJtQqzTPs8Pkr","64tJ2EAv1R6UaZqc4iOCyj","三原色","YOASOBI",67,3844098,73,"Japan"
"528","278JqkBGkjDovOYAwE8TW7","5Vo1hnCRmCM6M4thZCInCj","115万キロのフィルム","Official HIGE DANdism",71,4534647,71,"Japan"
"529","15HNdxGKNCIO9pgaY4n7FU","5Vo1hnCRmCM6M4thZCInCj","Pretender","Official HIGE DANdism",58,4534647,71,"Japan"
"530","1qE8DOtw7zdXHMgZm20eLM","7n2Ycct7Beij7Dj7meI4X0","The Feels","TWICE",68,13645138,79,"Japan"
"531","0FOVGBW0RpVRuDuUuN4ZVw","7LTiBdByoaUd329wCpmMcM","ヨワネハキ","MAISONdes",70,47861,55,"Japan"
"532","0FOVGBW0RpVRuDuUuN4ZVw","6LesPuO1nhgJ2acJ4MjyBI","ヨワネハキ","和ぬか",70,101382,56,"Japan"
"533","0FOVGBW0RpVRuDuUuN4ZVw","3UY1KK0iXeC0mpaK0ltFza","ヨワネハキ","asmi",70,33555,56,"Japan"
"534","0hQNbQKW2dDATH1ngj4TI6","5R7AMwDeroq6Ls0COQYpS4","WA DA DA","Kep1er",70,561496,64,"Japan"
"535","6sIx7Cn37DGEhjy9hBP8Gx","0jJmZHZHNe8n24Y33z5Nil","猫","DISH//",70,500379,59,"Japan"
"536","7DyS11kB1YNrfDzQqtjmTh","7JthQ6zwNzfxRfIEjp6wUs","Stand by me, Stand by you.","HIRAIDAI",68,1119745,66,"Japan"
"537","5wWLNNwMAehpj83FU4Lz0m","5Vo1hnCRmCM6M4thZCInCj","I LOVE...","Official HIGE DANdism",68,4534647,71,"Japan"
"538","7n2FZQsaLb7ZRfRPfEeIvr","6RHTUrRF63xao58xh9FXYJ","ELEVEN","IVE",80,668639,71,"Japan"
"539","0871AdnvzzSGr5XdTJaDHC","6mEQK9m2krja6X1cfsAjfl","踊","Ado",68,1114106,65,"Japan"
"540","6ts1KCOudfDYXYfyWtq0k1","45ft4DyTCEJfQwTBHXpdhM","おもかげ (produced by Vaundy)","milet",70,395038,62,"Japan"
"541","6ts1KCOudfDYXYfyWtq0k1","0bAsR2unSRpn6BQPEnNlZm","おもかげ (produced by Vaundy)","Aimer",70,1872745,68,"Japan"
"542","6ts1KCOudfDYXYfyWtq0k1","1qM11R4ylJyQiPJ0DffE9z","おもかげ (produced by Vaundy)","Lilas Ikuta",70,197570,61,"Japan"
"543","0Q5VnK2DYzRyfqQRJuUtvi","6RHTUrRF63xao58xh9FXYJ","LOVE DIVE","IVE",85,668639,71,"Korea"
"544","0HsRZwZzHoZ5AM5W2ZYI5c","7cEaNXXTHx3LokbjUUyHal","Beyond Love (Feat. 10CM)","BIG Naughty",60,127833,54,"Korea"
"545","0HsRZwZzHoZ5AM5W2ZYI5c","6zn0ihyAApAYV51zpXxdEp","Beyond Love (Feat. 10CM)","10cm",60,343658,57,"Korea"
"546","0lr8HEEQBvIpDE9xGchTgW","75MOYjGEyyH5U4ZFHOPvxR","If We Ever Meet Again","Lim Young Woong",53,35690,50,"Korea"
"547","0O6u0VJ46W86TxN9wgyqDj","246dkjvS1zLTtiykXe5h60","I Like You (A Happier Song) (with Doja Cat)","Post Malone",79,37070325,88,"Korea"
"548","0O6u0VJ46W86TxN9wgyqDj","5cj0lLjcoR7YOSnhnX0Po5","I Like You (A Happier Song) (with Doja Cat)","Doja Cat",79,19248569,88,"Korea"
"549","296nXCOv97WJNRWzIBQnoj","4SpbR6yFEvexJuaBpgAU5p","FEARLESS","LE SSERAFIM",84,252438,68,"Korea"
"550","0IGUXY4JbK18bu9oD4mPIm","2AfmfGFbe0A0WsTYm0SDTx","TOMBOY","(G)I-DLE",81,3557944,72,"Korea"
"551","4Dvkj6JhhA12EX05fT7y2e","6KImCVD70vtIoJWnq6nGn3","As It Was","Harry Styles",91,21141704,94,"Korea"
"552","5oH4DQAuu1J1800RzUsBWa","2dd5mrQZvg6SmahdgVKDzh","That That (prod. & feat. SUGA of BTS)","PSY",86,1380883,71,"Korea"
"553","5oH4DQAuu1J1800RzUsBWa","0ebNdVaOfp6N0oZ1guIxM8","That That (prod. & feat. SUGA of BTS)","SUGA",86,1479213,72,"Korea"
"554","2gzhQaCTeNgxpeB2TPllyY","1oSPZhvZMIrWW5I41kPkkY","With you","Jimin",86,1242465,69,"Korea"
"555","2gzhQaCTeNgxpeB2TPllyY","3OBkZ9NG8F0Fn4oNpg0yuU","With you","HA SUNG WOON",86,204293,69,"Korea"
"556","0E5HSVbQI8O17Ez9wirh1c","75MOYjGEyyH5U4ZFHOPvxR","Our Blues, Our Life","Lim Young Woong",51,35690,50,"Korea"
"557","0CatzXH85XWyBqqdB6qPMB","1gBUSTR3TyDdTVFIaQnc02","Beatbox","NCT DREAM",72,4931417,73,"Korea"
"558","3TSLqZssCoCdDlMhCJ08XW","4Kxlr1PRlDKEB0ekOCyHgX","Still Life","BIGBANG",75,4827307,67,"Korea"
"559","32vE1nuG8T9c8bhmZdRY6d","246dkjvS1zLTtiykXe5h60","Cooped Up (with Roddy Ricch)","Post Malone",73,37070325,88,"Korea"
"560","32vE1nuG8T9c8bhmZdRY6d","757aE44tKEUQEqRuT6GnEB","Cooped Up (with Roddy Ricch)","Roddy Ricch",73,7977807,80,"Korea"
"561","0ZP5YAuuGXeoMv99yVi0Mw","75MOYjGEyyH5U4ZFHOPvxR","I Love You","Lim Young Woong",48,35690,50,"Korea"
"562","40o7HHRp9LgwuWtWyjNzvc","75MOYjGEyyH5U4ZFHOPvxR","Rainbow","Lim Young Woong",48,35690,50,"Korea"
"563","2X45nVBeYzmDlrXji9Av0Q","6k4r73Wq8nhkCDoUsECL1e","Love, Maybe","MeloMance",71,151241,56,"Korea"
"564","1jIMjbzcGCcCQn5iMu9CUc","6VuMaDnrHyPL1p4EHjYLi7","That's Hilarious","Charlie Puth",81,16245294,80,"Korea"
"565","6I2tqFhk8tq69iursYxuxd","7nqOGRxlXj7N2JYbgNEjYH","HOT","SEVENTEEN",77,6882266,76,"Korea"
"566","3oiMjDZ1bShIpFfOQf55IW","5NUVwRESNqYBUTRbiATjy7","LOVE me","BE'O",66,117709,57,"Korea"
"567","2oBMZYteeO8DyXV9gDx6Za","1z4g3DjTBBZKhvAroFlhOM","Feel My Rhythm","Red Velvet",79,6997253,72,"Korea"
"568","4rMEoXVYww6Xy7q9wSj4gy","75MOYjGEyyH5U4ZFHOPvxR","Love Always Run Away","Lim Young Woong",52,35690,50,"Korea"
"569","5PjdY0CKGZdEuoNab3yDmX","2tIP7SsRs7vjIcLrU85W8J","STAY (with Justin Bieber)","The Kid LAROI",87,3740595,83,"Korea"
"570","5PjdY0CKGZdEuoNab3yDmX","1uNFoZAHBGtllmzznpCI3s","STAY (with Justin Bieber)","Justin Bieber",87,61412393,91,"Korea"
"571","0oaFCNSvLVBpHKB3ep9qMI","75MOYjGEyyH5U4ZFHOPvxR","A bientot","Lim Young Woong",46,35690,50,"Korea"
"572","3AVXwaOGCEL8cmBecfcsFJ","6VuMaDnrHyPL1p4EHjYLi7","Light Switch","Charlie Puth",80,16245294,80,"Korea"
"573","5xBlyMehStMvqToNTDxVFT","75MOYjGEyyH5U4ZFHOPvxR","Lovely Touch","Lim Young Woong",46,35690,50,"Korea"
"574","5uFqjHOo3Sh0bVPCKf3DdH","6YVMFz59CuY7ngCxTxjpxE","Illusion","aespa",70,2027335,69,"Korea"
"575","0UnOf7i44YK0ULpkEGHe4R","4rxWm4OrS8IRQ3YxDUwnJA","Dear my X","KyoungSeo",50,6309,38,"Korea"
"576","7n2FZQsaLb7ZRfRPfEeIvr","6RHTUrRF63xao58xh9FXYJ","ELEVEN","IVE",80,668639,71,"Korea"
"577","6KCLKs7Annwyp8JIRQ3vzh","75MOYjGEyyH5U4ZFHOPvxR","Father","Lim Young Woong",45,35690,50,"Korea"
"578","378rEXHV5mSJukeHSNRWgj","75MOYjGEyyH5U4ZFHOPvxR","Love Letter","Lim Young Woong",45,35690,50,"Korea"
"579","1qEmFfgcLObUfQm0j1W2CK","6KImCVD70vtIoJWnq6nGn3","Late Night Talking","Harry Styles",93,21141704,94,"Korea"
"580","4bZZVcgWWMWPBwzTTp642w","3Nrfpe0tUJi4K4DXYWgMUX","Filter","BTS",77,50272154,90,"Korea"
"581","5quFr5s5PXYfUX5jV2EBZ1","4XDi67ZENZcbfKnvMnTYsI","GANADARA (Feat. IU)","Jay Park",72,1721833,67,"Korea"
"582","5quFr5s5PXYfUX5jV2EBZ1","3HqSLMAZ3g3d5poNaI7GOU","GANADARA (Feat. IU)","IU",72,6990087,71,"Korea"
"583","6I3mqTwhRpn34SLVafSH7G","1uNFoZAHBGtllmzznpCI3s","Ghost","Justin Bieber",89,61412393,91,"Korea"
"584","1mWdTewIgB3gtBM3TOSFhB","3Nrfpe0tUJi4K4DXYWgMUX","Butter","BTS",86,50272154,90,"Korea"
"585","2j1Es5qEl4pD8GEe2WsYgP","7nqOGRxlXj7N2JYbgNEjYH","Darl+ing","SEVENTEEN",66,6882266,76,"Korea"
"586","2LQCNmrPz6cIm1Y3sdwHO4","75MOYjGEyyH5U4ZFHOPvxR","Love Station","Lim Young Woong",44,35690,50,"Korea"
"587","6Kfoo60npYPdvNxMPMiDpX","246dkjvS1zLTtiykXe5h60","Wrapped Around Your Finger","Post Malone",74,37070325,88,"Korea"
"588","4IaxDf2FixiQXq0mW7key9","64k5e9kV9MdukXjFrR5R37","ZOOM","Jessi",84,1322808,69,"Korea"
"589","007S8LPHyug4UrgDWxiCxO","75MOYjGEyyH5U4ZFHOPvxR","Nest","Lim Young Woong",44,35690,50,"Korea"
"590","7rXcCpIAoOUCydkVDMcoPV","3qNVuliS40BLgXGxhdBdqu","INVU","TAEYEON",74,2470247,68,"Korea"
"591","3nnp4wrQCJPbaSZPYt5Wci","75MOYjGEyyH5U4ZFHOPvxR","A Psalm of Life","Lim Young Woong",43,35690,50,"Korea"
"592","4zCIxSnVWpGNghERX4uWZF","49muoiIu4uea4PO8vueUNN","SMILEY(Feat. BIBI)","YENA",70,123333,53,"Korea"
"593","4zCIxSnVWpGNghERX4uWZF","6UbmqUEgjLA6jAcXwbM1Z9","SMILEY(Feat. BIBI)","BIBI",70,421052,66,"Korea"
"594","4KU23Zay3Q1W0c0yJCNczH","2SY6OktZyMLdOnscX3DCyS","Baby I need you","JANNABI",49,222152,52,"Korea"
"595","0fMs0Dj0iHhNZ2X4aLksyo","75MOYjGEyyH5U4ZFHOPvxR","Loving You","Lim Young Woong",43,35690,50,"Korea"
"596","0wHFktze2PHC5jDt3B17DC","2LIk90788K0zvyj2JJVwkJ","First Class","Jack Harlow",84,2186989,87,"Korea"
"597","1t8sqIScEIP0B4bQzBuI2P","2AfmfGFbe0A0WsTYm0SDTx","MY BAG","(G)I-DLE",75,3557944,72,"Korea"
"598","5OiD0uUNxZkSyG3opReDlx","79g2STpP2iV1xfgHuhrhX0","Don′t do That","Leellamarz",47,56866,51,"Korea"
"599","5OiD0uUNxZkSyG3opReDlx","698zn8fEOIr1OrfqG4283S","Don′t do That","TOIL",47,36730,48,"Korea"
"600","75FEaRjZTKLhTrFGsfMUXR","1aSxMhuvixZ8h9dK9jIDwL","Running Up That Hill (A Deal With God)","Kate Bush",87,1014154,75,"Korea"
"601","186NCtNk1tUYS7c2DxgJ7O","3JsHnjpbhX4SnySpvpa9DK","Christmas Tree","V",79,7780418,67,"Korea"
"602","6OZwia8loN0aPS0vTvsBjR","2z2TRvloJt4EfUNQp9rHAi","TOUT VA BIEN (feat. Ninho & Naps)","Alonzo",79,1558772,70,"France"
"603","6OZwia8loN0aPS0vTvsBjR","6Te49r3A6f5BiIgBRxH7FH","TOUT VA BIEN (feat. Ninho & Naps)","Ninho",79,6220372,79,"France"
"604","6OZwia8loN0aPS0vTvsBjR","6W5uA6CNMf3hd2j4a2XWCx","TOUT VA BIEN (feat. Ninho & Naps)","Naps",79,1904823,74,"France"
"605","75FEaRjZTKLhTrFGsfMUXR","1aSxMhuvixZ8h9dK9jIDwL","Running Up That Hill (A Deal With God)","Kate Bush",87,1014154,75,"France"
"606","6Qe7YCkIOc1iaw9HKqO3qV","0GgY7hjMoGDsX8ZDe2mwds","Suavemente","Soolking",60,3230544,72,"France"
"607","4BuRrEwP1C4E8NkpUMe6mI","3IW7ScrzXmPvZhB27hmfgy","Superstar","Jul",54,5382079,79,"France"
"608","4Dvkj6JhhA12EX05fT7y2e","6KImCVD70vtIoJWnq6nGn3","As It Was","Harry Styles",91,21141704,94,"France"
"609","6KNw3UKRp3QRsO7Cf4ASVE","5gqmbbfjcikQBzPB5Hv13I","MOLLY - A COLORS SHOW","Gazo",67,439411,73,"France"
"610","7eb7JIRN6HKpedFSDGd4yI","2ptKt4yP4mYRZmvi09JYyi","Filtré","Timal",59,927783,66,"France"
"611","7eb7JIRN6HKpedFSDGd4yI","5gqmbbfjcikQBzPB5Hv13I","Filtré","Gazo",59,439411,73,"France"
"612","3BnDvpeuGOj21Ir2aVEtQo","46pWGuE3dSwY3bMMXGBvVS","Calm Down","Rema",71,749118,70,"France"
"613","3fgEIHsl6ecyAK1rpAxBIY","3IW7ScrzXmPvZhB27hmfgy","J'ai tout su","Jul",60,5382079,79,"France"
"614","6kwmp0U8M1tPvgPHqvbwsr","3vUMXQ9kPnZAQkMkZZ7Hfh","Gasolina (feat. Rsko)","Tiakola",68,212724,71,"France"
"615","6kwmp0U8M1tPvgPHqvbwsr","3L774tiJRvPmAS90pOLB44","Gasolina (feat. Rsko)","Rsko",68,42437,56,"France"
"616","6aZPMuJetqwKQCPClCNgd3","3mirzmIKVfvqcW0M5OKAzR","Clic clic pan pan","Yanns",65,117173,60,"France"
"617","2APwDsIavDeJRJFcz6s8Ow","5gqmbbfjcikQBzPB5Hv13I","CELINE 3X","Gazo",74,439411,73,"France"
"618","7lipUxEvDX7gvpVLOoqiau","1Yfe3ONJlioHys7jwHdfVm","Tee","Lomepal",61,1481925,65,"France"
"619","0MG9FlA1CLNbHQSnQQaMF2","3IW7ScrzXmPvZhB27hmfgy","Ça tourne dans ma tête","Jul",55,5382079,79,"France"
"620","5cqLFudVQryezmVFmmyRJN","7IlRNXHjoOCgEAWN5qYksg","Dégaine (feat. Damso)","Aya Nakamura",77,3410711,70,"France"
"621","5cqLFudVQryezmVFmmyRJN","2UwqpfQtNuhBwviIC0f2ie","Dégaine (feat. Damso)","Damso",77,3619566,75,"France"
"622","1cgRpYVOkYnxomkDpYLyba","1q7T9rFQ2a2ukA1PU51fo3","Doudou","Koba LaD",72,2526202,68,"France"
"623","1cgRpYVOkYnxomkDpYLyba","6W5uA6CNMf3hd2j4a2XWCx","Doudou","Naps",72,1904823,74,"France"
"624","2DB4DdfCFMw1iaR6JaR03a","4nDoRrQiYLoBzwC5BhVJzF","Bam Bam (feat. Ed Sheeran)","Camila Cabello",83,26868942,83,"France"
"625","2DB4DdfCFMw1iaR6JaR03a","6eUKZXaKkcviH0Ku9w2n3V","Bam Bam (feat. Ed Sheeran)","Ed Sheeran",83,97986998,91,"France"
"626","58HvfVOeJY7lUuCqF0m3ly","67MNhiAICFY6Pwc2YxCO0K","MIDDLE OF THE NIGHT","Elley Duhé",92,251448,75,"France"
"627","3wfQEIvOfeVkXgGZogK3gL","4TGltjqP0MQxdGeSIrM4es","Santa Maria","RIDSA",73,524174,58,"France"
"628","46vfSYsDJZaNQcD4YvT8GD","6W5uA6CNMf3hd2j4a2XWCx","Best life","Naps",72,1904823,74,"France"
"629","46vfSYsDJZaNQcD4YvT8GD","0GOx72r5AAEKRGQFn3xqXK","Best life","GIMS",72,3447151,70,"France"
"630","6HTJgY7iWWlVLSDHsfHePf","6Te49r3A6f5BiIgBRxH7FH","Jefe","Ninho",76,6220372,79,"France"
"631","3mTOTW2KnH9pJlpy5o3cJK","2z2TRvloJt4EfUNQp9rHAi","TRAFICANTE","Alonzo",61,1558772,70,"France"
"632","2toEys3zZ8rRB242Na7FZh","7rz6ZZErn5YFDteXKhyf3g","RENCONTRE","Disiz",76,236640,63,"France"
"633","2toEys3zZ8rRB242Na7FZh","2UwqpfQtNuhBwviIC0f2ie","RENCONTRE","Damso",76,3619566,75,"France"
"634","2AFT8fANFNiYV2ua5hkrS2","3IW7ScrzXmPvZhB27hmfgy","Ma drogue","Jul",60,5382079,79,"France"
"635","6lZ5p6VTbZ2ZvnsdTlLv7I","048LktY5zMnakWq7PTtFrz","Emiliana","CKay",80,789868,74,"France"
"636","6jcfITWcR5egvbD4fsGayr","7keGfmQR4X5w0two1xKZ7d","Clap Your Hands","Kungs",68,834051,70,"France"
"637","02kTjPK0S4Vy20kGsAtBXZ","3IW7ScrzXmPvZhB27hmfgy","Ténébreux","Jul",59,5382079,79,"France"
"638","5S12Ds2RswM2ITC0u1J01f","6Te49r3A6f5BiIgBRxH7FH","VVS","Ninho",75,6220372,79,"France"
"639","0sCIoT2nQw6BuqE2qRQ2Dd","3IW7ScrzXmPvZhB27hmfgy","J'éteins mon téléphone","Jul",59,5382079,79,"France"
"640","7fZBQnc0zXwVybgCIrQQil","5rGrDvrLOV2VV8SCFVGWlj","Belly Dancer","Imanbek",83,146330,75,"France"
"641","7fZBQnc0zXwVybgCIrQQil","0Upxnyh9nIUNSOmNE8WF4R","Belly Dancer","BYOR",83,12165,66,"France"
"642","6RXHipTclQenO0vKFeGZYi","3IW7ScrzXmPvZhB27hmfgy","La miss","Jul",72,5382079,79,"France"
"643","0w6lsLBvhtGcqMYA7MB7r6","4FpJcNgOvIpSBeJgRg3OfN","La Quête","Orelsan",73,1798095,69,"France"
"644","6Y46tOTRhkBamosyuWa6YX","7ltDVBr6mKbRvohxheJ9h1","LA FAMA (with The Weeknd)","ROSALÍA",76,5424549,80,"France"
"645","6Y46tOTRhkBamosyuWa6YX","1Xyo4u8uXC1ZmMpatF05PJ","LA FAMA (with The Weeknd)","The Weeknd",76,45402064,91,"France"
"646","3gAEAmxdP1GIjgQ3Zud2mE","3QVolfxko2UyCOtexhVTli","Démons","Angèle",70,2296321,69,"France"
"647","3gAEAmxdP1GIjgQ3Zud2mE","2UwqpfQtNuhBwviIC0f2ie","Démons","Damso",70,3619566,75,"France"
"648","0qPKOJg7KdbZcm6bLTduO8","3IW7ScrzXmPvZhB27hmfgy","Gigi","Jul",58,5382079,79,"France"
"649","3SaDCpnDdHiCTE2qz3YgNs","3IW7ScrzXmPvZhB27hmfgy","Sur la Costa del Sol","Jul",58,5382079,79,"France"
"650","3FkeNbs9Zeiqkr3WkbOiGp","7FNnA9vBm6EKceENgCGRMb","Envolver","Anitta",79,11718350,80,"France"
"651","6rg7j8ig8msX7THtUH7Kxa","3g9yyIlJ0sIunQWJLmIYhn","Maniac","Sound Of Legend",55,48441,59,"France"
"652","1bgL66Umw2xitBzjQnRSMx","3vUMXQ9kPnZAQkMkZZ7Hfh","Si j'savais","Tiakola",63,212724,71,"France"
"653","181AxLRTyYh9WUxEjmJt1Y","4RSyJzf7ef6Iu2rnLdabNq","Trompeta","Willy William",60,196170,68,"France"
"654","1bwhDrXcAtqePp8mNJ0pTe","6W5uA6CNMf3hd2j4a2XWCx","La kiffance","Naps",69,1904823,74,"France"
"655","717QGTmZdkemDaCo1vQHG0","19u3RGWKsjmbg9eI6zAiNp","Bande organisée","13 Organisé",61,179608,55,"France"
"656","717QGTmZdkemDaCo1vQHG0","2kXKa3aAFngGz2P4GjG5w2","Bande organisée","SCH",61,1589693,69,"France"
"657","717QGTmZdkemDaCo1vQHG0","5RaQ9nmVGoTye2SI76x3yw","Bande organisée","Kofs",61,310509,62,"France"
"658","717QGTmZdkemDaCo1vQHG0","3IW7ScrzXmPvZhB27hmfgy","Bande organisée","Jul",61,5382079,79,"France"
"659","717QGTmZdkemDaCo1vQHG0","6W5uA6CNMf3hd2j4a2XWCx","Bande organisée","Naps",61,1904823,74,"France"
"660","717QGTmZdkemDaCo1vQHG0","0oeiA5U9u1U45Gos5cywUU","Bande organisée","Soso Maness",61,420132,64,"France"
"661","717QGTmZdkemDaCo1vQHG0","2IoSLl3tqYMq9DzR0d6NJN","Bande organisée","Elams",61,207844,60,"France"
"662","717QGTmZdkemDaCo1vQHG0","7FXX45sHqoQoCwqtG0ZV8H","Bande organisée","Solda",61,2307,55,"France"
"663","717QGTmZdkemDaCo1vQHG0","6zrOXBaNn0DqJeXxgC2eyH","Bande organisée","Houari",61,10019,57,"France"
"664","1HhNoOuqm1a5MXYEgAFl8o","53XhwfbYqKCa1cC15pYq2q","Enemy (with JID) - from the series Arcane League of Legends","Imagine Dragons",83,40384155,86,"France"
"665","1HhNoOuqm1a5MXYEgAFl8o","6U3ybJ9UHNKEdsH7ktGBZ7","Enemy (with JID) - from the series Arcane League of Legends","JID",83,878019,78,"France"
"666","1HhNoOuqm1a5MXYEgAFl8o","57nPqD7z62gDdq37US9XJR","Enemy (with JID) - from the series Arcane League of Legends","Arcane",83,126400,76,"France"
"667","1HhNoOuqm1a5MXYEgAFl8o","47mIJdHORyRerp4os813jD","Enemy (with JID) - from the series Arcane League of Legends","League of Legends",83,1427265,80,"France"
"668","6UlSVbJrj3wsyxjGM4KPAv","5gqmbbfjcikQBzPB5Hv13I","MAUVAIS 2X (feat. Ninho)","Gazo",72,439411,73,"France"
"669","6UlSVbJrj3wsyxjGM4KPAv","6Te49r3A6f5BiIgBRxH7FH","MAUVAIS 2X (feat. Ninho)","Ninho",72,6220372,79,"France"
"670","6e8HGI9sOV6CzAsbmxfNuN","3IW7ScrzXmPvZhB27hmfgy","Faut pas (Extraterrestre)","Jul",57,5382079,79,"France"
"671","5b8HD1dJDuPawgS5FjSC2q","3vUMXQ9kPnZAQkMkZZ7Hfh","Mode AV (feat. Niska & Gazo)","Tiakola",66,212724,71,"France"
"672","5b8HD1dJDuPawgS5FjSC2q","7CUFPNi1TU8RowpnFRSsZV","Mode AV (feat. Niska & Gazo)","Niska",66,4210085,70,"France"
"673","5b8HD1dJDuPawgS5FjSC2q","5gqmbbfjcikQBzPB5Hv13I","Mode AV (feat. Niska & Gazo)","Gazo",66,439411,73,"France"
"674","1oXn8nhl44cH6HXqGQnOgY","3vUMXQ9kPnZAQkMkZZ7Hfh","Atasanté (feat. Hamza)","Tiakola",66,212724,71,"France"
"675","1oXn8nhl44cH6HXqGQnOgY","5gs4Sm2WQUkcGeikMcVHbh","Atasanté (feat. Hamza)","Hamza",66,659548,65,"France"
"676","6hzi3AGB39FjxFqcjgbWs7","3NH8t45zOTqzlZgBvZRjvB","Deux frères","PNL",70,5163805,75,"France"
"677","4GCIYE1x1TWJCChPkpy9by","3NH8t45zOTqzlZgBvZRjvB","Onizuka","PNL",71,5163805,75,"France"
"678","4fouWK6XVHhzl78KzQ1UjL","2VSHKHBTiXWplO8lxcnUC9","abcdefu","GAYLE",91,445160,74,"France"
"679","75FEaRjZTKLhTrFGsfMUXR","1aSxMhuvixZ8h9dK9jIDwL","Running Up That Hill (A Deal With God)","Kate Bush",87,1014154,75,"United Kingdom"
"680","4Dvkj6JhhA12EX05fT7y2e","6KImCVD70vtIoJWnq6nGn3","As It Was","Harry Styles",91,21141704,94,"United Kingdom"
"681","1PckUlxKqWQs3RlWXVBLw3","56oDRnqbIiwx4mymNEv7dS","About Damn Time","Lizzo",93,4672279,80,"United Kingdom"
"682","1qEmFfgcLObUfQm0j1W2CK","6KImCVD70vtIoJWnq6nGn3","Late Night Talking","Harry Styles",93,21141704,94,"United Kingdom"
"683","5LYMamLv12UPbemOaTPyeV","6KImCVD70vtIoJWnq6nGn3","Music For a Sushi Restaurant","Harry Styles",91,21141704,94,"United Kingdom"
"684","0wHFktze2PHC5jDt3B17DC","2LIk90788K0zvyj2JJVwkJ","First Class","Jack Harlow",84,2186989,87,"United Kingdom"
"685","7u3w4fQhulC1etJbdfmv3Q","7b79bQFziJFedJb75k6hFt","IFTK","Tion Wayne",76,567640,73,"United Kingdom"
"686","7u3w4fQhulC1etJbdfmv3Q","3K2zB87GZv1krx031en5VA","IFTK","La Roux",76,615559,64,"United Kingdom"
"687","6uvh0In7u1Xn4HgxOfAn8O","6KImCVD70vtIoJWnq6nGn3","Matilda","Harry Styles",91,21141704,94,"United Kingdom"
"688","02MWAaffLxlfxAUY7c5dvx","4yvcSjfu4PC0CYQyLy4wSq","Heat Waves","Glass Animals",90,2909250,80,"United Kingdom"
"689","531KGXtBroSrOX9LVmiIgc","6Ip8FS7vWT1uKkJSweANQK","Starlight","Dave",84,2232818,77,"United Kingdom"
"690","0O6u0VJ46W86TxN9wgyqDj","246dkjvS1zLTtiykXe5h60","I Like You (A Happier Song) (with Doja Cat)","Post Malone",79,37070325,88,"United Kingdom"
"691","0O6u0VJ46W86TxN9wgyqDj","5cj0lLjcoR7YOSnhnX0Po5","I Like You (A Happier Song) (with Doja Cat)","Doja Cat",79,19248569,88,"United Kingdom"
"692","59nOXPmaKlBfGMDeOVGrIK","1RyvyyTE3xzB2ZywiAwp0i","WAIT FOR U (feat. Drake & Tems)","Future",89,11616010,88,"United Kingdom"
"693","59nOXPmaKlBfGMDeOVGrIK","3TVXtAsR1Inumwj472S9r4","WAIT FOR U (feat. Drake & Tems)","Drake",89,63843309,93,"United Kingdom"
"694","59nOXPmaKlBfGMDeOVGrIK","687cZJR45JO7jhk1LHIbgq","WAIT FOR U (feat. Drake & Tems)","Tems",89,508048,75,"United Kingdom"
"695","32vE1nuG8T9c8bhmZdRY6d","246dkjvS1zLTtiykXe5h60","Cooped Up (with Roddy Ricch)","Post Malone",73,37070325,88,"United Kingdom"
"696","32vE1nuG8T9c8bhmZdRY6d","757aE44tKEUQEqRuT6GnEB","Cooped Up (with Roddy Ricch)","Roddy Ricch",73,7977807,80,"United Kingdom"
"697","40SBS57su9xLiE1WqkXOVr","0HxX6imltnNXJyQhu4nsiO","Afraid To Feel","LF SYSTEM",65,4555,50,"United Kingdom"
"698","3nhGk6VnrDHy67pXvMhdPa","1rvnJJghrxl1xakJZct08m","SPACE MAN","Sam Ryder",79,267644,63,"United Kingdom"
"699","51Zw1cKDgkad0CXv23HCMU","6KImCVD70vtIoJWnq6nGn3","Daylight","Harry Styles",90,21141704,94,"United Kingdom"
"700","2DB4DdfCFMw1iaR6JaR03a","4nDoRrQiYLoBzwC5BhVJzF","Bam Bam (feat. Ed Sheeran)","Camila Cabello",83,26868942,83,"United Kingdom"
"701","2DB4DdfCFMw1iaR6JaR03a","6eUKZXaKkcviH0Ku9w2n3V","Bam Bam (feat. Ed Sheeran)","Ed Sheeran",83,97986998,91,"United Kingdom"
"702","50nfwKoDiSYg8zOCREWAm5","6eUKZXaKkcviH0Ku9w2n3V","Shivers","Ed Sheeran",90,97986998,91,"United Kingdom"
"703","3i058E8uxTsYqJ5NWZzqSj","6KImCVD70vtIoJWnq6nGn3","Little Freak","Harry Styles",90,21141704,94,"United Kingdom"
"704","3pudQCMnsFGwOElTZmuml8","2PJEagPIxaBugeMjIyKVXF","Baby","Aitch",78,867605,70,"United Kingdom"
"705","3pudQCMnsFGwOElTZmuml8","5rkVyNGXEgeUqKkB5ccK83","Baby","Ashanti",78,2427805,71,"United Kingdom"
"706","3uUuGVFu1V7jTQL60S1r8z","7f5Zgnp2spUuuzKplmRkt7","Where Are You Now","Lost Frequencies",91,2423131,77,"United Kingdom"
"707","3uUuGVFu1V7jTQL60S1r8z","6ydoSd3N2mwgwBHtF6K7eX","Where Are You Now","Calum Scott",91,4243743,77,"United Kingdom"
"708","003vvx7Niy0yvhvHt4a68B","0C0XlULifJtAgn6ZNCW2eu","Mr. Brightside","The Killers",82,6529889,76,"United Kingdom"
"709","7kjANxR8XN4hCzLaSc2roy","6WFDpw4u23uSpon4BHvFRn","go - goddard. Remix","Cat Burns",77,81833,68,"United Kingdom"
"710","7kjANxR8XN4hCzLaSc2roy","3yDDYheQFqfhKZXdjFQuuP","go - goddard. Remix","goddard.",77,13429,60,"United Kingdom"
"711","3rmo8F54jFF8OgYsqTxm5d","6eUKZXaKkcviH0Ku9w2n3V","Bad Habits","Ed Sheeran",90,97986998,91,"United Kingdom"
"712","3sa06xVNmLLYIxdNNmVQN8","4Q6nIcaBED8qUel8bBx6Cr","Where Did You Go? (feat. MNEK)","Jax Jones",86,1028036,75,"United Kingdom"
"713","3sa06xVNmLLYIxdNNmVQN8","7uMh23xWiuR7zsNkuNcm2G","Where Did You Go? (feat. MNEK)","MNEK",86,269811,73,"United Kingdom"
"714","4j6kId9QIqhoXvqHKgSKa0","6KImCVD70vtIoJWnq6nGn3","Grapejuice","Harry Styles",89,21141704,94,"United Kingdom"
"715","7fYRg3CEbk6rNCuzNzMT06","7CajNmpbOovFoOoasH2HaY","Potion (with Dua Lipa & Young Thug)","Calvin Harris",84,22765589,83,"United Kingdom"
"716","7fYRg3CEbk6rNCuzNzMT06","6M2wZ9GZgrQXHCFfjv46we","Potion (with Dua Lipa & Young Thug)","Dua Lipa",84,34229761,88,"United Kingdom"
"717","7fYRg3CEbk6rNCuzNzMT06","50co4Is1HCEo8bhOyUWKpn","Potion (with Dua Lipa & Young Thug)","Young Thug",84,7253642,84,"United Kingdom"
"718","6A3SB2C4U6JtCavQOXLYNN","2GYIFLUsVVHPPUzOfJndRh","Je M'appelle","Benzz",82,13014,64,"United Kingdom"
"719","0rzaRSujxA0bKyjJl6vHYq","6KImCVD70vtIoJWnq6nGn3","Satellite","Harry Styles",89,21141704,94,"United Kingdom"
"720","5rF6YUIlgiat22OT1lWspJ","6zlR5ttMfMNmwf2lecU9Cc","Seventeen Going Under","Sam Fender",74,556452,68,"United Kingdom"
"721","1R0a2iXumgCiFb7HEZ7gUE","06HL4z0CvFAxyc27GXpf02","Don’t Blame Me","Taylor Swift",84,53831292,92,"United Kingdom"
"722","2NcQic8JxdjAlAHuNbOIRE","6KImCVD70vtIoJWnq6nGn3","Keep Driving","Harry Styles",88,21141704,94,"United Kingdom"
"723","35TyJIMR3xRouUuo2sjS6v","6KImCVD70vtIoJWnq6nGn3","Cinema","Harry Styles",88,21141704,94,"United Kingdom"
"724","1RF02Cf80mTaeNXG2P2boR","2gduEC76ry33RVurAvT05p","21 Reasons (feat. Ella Henderson)","Nathan Dawe",78,63784,65,"United Kingdom"
"725","1RF02Cf80mTaeNXG2P2boR","7nDsS0l5ZAzMedVRKPP8F1","21 Reasons (feat. Ella Henderson)","Ella Henderson",78,1370179,74,"United Kingdom"
"726","4hJhHbkhZFnxmWbAkZRoe0","75VKfyoBlkmrJFDqo1o2VY","Peru","Fireboy DML",73,730531,71,"United Kingdom"
"727","4hJhHbkhZFnxmWbAkZRoe0","6eUKZXaKkcviH0Ku9w2n3V","Peru","Ed Sheeran",73,97986998,91,"United Kingdom"
"728","1mw0RgNXIpYRyyCdBQbLgA","6KImCVD70vtIoJWnq6nGn3","Love Of My Life","Harry Styles",88,21141704,94,"United Kingdom"
"729","1BkY0N8ChFk2mdLbAUu8ZK","2CuzDPkRD6BJBvdWqCrt2I","Pass The Dutchie","Musical Youth",72,32601,57,"United Kingdom"
"730","3rk4aJ0vAj3cFUIQEeASkT","2ysnwxxNtSgbb9t1m2Ur4j","Green Green Grass","George Ezra",74,3665368,73,"United Kingdom"
"731","69w5X6uTrOaWM32IetSzvO","6KImCVD70vtIoJWnq6nGn3","Daydreaming","Harry Styles",88,21141704,94,"United Kingdom"
"732","6JIC3hbC28JZKZ8AlAqX8h","3PhoLpVuITZKcymswpck5b","Cold Heart - PNAU Remix","Elton John",84,9404704,82,"United Kingdom"
"733","6JIC3hbC28JZKZ8AlAqX8h","6M2wZ9GZgrQXHCFfjv46we","Cold Heart - PNAU Remix","Dua Lipa",84,34229761,88,"United Kingdom"
"734","6JIC3hbC28JZKZ8AlAqX8h","6n28c9qs9hNGriNa72b26u","Cold Heart - PNAU Remix","PNAU",84,184406,75,"United Kingdom"
"735","1WCEAGGRD066z2Q89ObXTq","1Cs0zKBU1kc0i8ypK3B9ai","Crazy What Love Can Do","David Guetta",84,24322258,85,"United Kingdom"
"736","1WCEAGGRD066z2Q89ObXTq","4EPJlUEBy49EX1wuFOvtjK","Crazy What Love Can Do","Becky Hill",84,473638,76,"United Kingdom"
"737","1WCEAGGRD066z2Q89ObXTq","7nDsS0l5ZAzMedVRKPP8F1","Crazy What Love Can Do","Ella Henderson",84,1370179,74,"United Kingdom"
"738","7l9IqDtVWJurTvkQHq1BGh","45dkTj5sMRSjrmBSBeiHym","she's all i wanna be","Tate McRae",69,2815245,80,"United Kingdom"
"739","5PjdY0CKGZdEuoNab3yDmX","2tIP7SsRs7vjIcLrU85W8J","STAY (with Justin Bieber)","The Kid LAROI",87,3740595,83,"United Kingdom"
"740","5PjdY0CKGZdEuoNab3yDmX","1uNFoZAHBGtllmzznpCI3s","STAY (with Justin Bieber)","Justin Bieber",87,61412393,91,"United Kingdom"
"741","4CUX44NA1CPEzd0ibMLQsL","1H1sDUWSlytzifZTDpKgUA","Make Me Feel Good","Belters Only",76,7510,61,"United Kingdom"
"742","4CUX44NA1CPEzd0ibMLQsL","7zAAwgV5Wqmvpb4GzvlRkP","Make Me Feel Good","Jazzy",76,635,61,"United Kingdom"
"743","7jtQIBanIiJOMS6RyCx6jZ","2txHhyCwHjUEpJjWrEyqyX","Another Love","Tom Odell",54,2203333,74,"United Kingdom"
"744","4ZtFanR9U6ndgddUvNcjcG","1McMsnEElThX1knmY4oliG","good 4 u","Olivia Rodrigo",90,17356581,85,"United Kingdom"
"745","58ge6dfP91o9oXMzq3XkIS","7Ln80lUS6He07XvHI8qqHH","505","Arctic Monkeys",81,14642739,82,"United Kingdom"
"746","06JvOZ39sK8D8SqiqfaxDU","5K4W6rqBFWDnAN6FQUkS6x","True Love","Kanye West",85,17402556,90,"United Kingdom"
"747","06JvOZ39sK8D8SqiqfaxDU","15UsOTVnJzReFVN1VCnxy4","True Love","XXXTENTACION",85,36697696,86,"United Kingdom"
"748","2iHsdUnmKGIuc9oRE3DfgJ","3GxKJzJK4LpsYGXQrw77wz","House On Fire","Mimi Webb",76,224834,66,"United Kingdom"
"749","1NvpO1o8SpkdH3txtJQQc7","246dkjvS1zLTtiykXe5h60","Lemon Tree","Post Malone",74,37070325,88,"United Kingdom"
